Chroma,Tempo,Spectral_Centroid,Zero_Crossing_Rate,MFCC_1,MFCC_2,MFCC_3,MFCC_4,MFCC_5,MFCC_6,MFCC_7,MFCC_8,MFCC_9,MFCC_10,MFCC_11,MFCC_12,MFCC_13,Rhythmic_Regularity,Label
0.19309089,[135.99917763],754.4379723986023,0.04443283789667183,-403.69092,163.88794,42.403137,11.1887245,7.168746,-1.3457296,-13.490255,-18.829643,-13.286389,-5.4366293,1.2229857,7.4550977,8.486434,0.0053415626312027335,classical
0.20479448,[129.19921875],595.0520740796651,0.04243927474361455,-396.50287,213.55324,28.282196,-12.137909,9.414215,-5.326946,-20.565393,-17.678328,-16.106182,-14.675182,-9.658862,-5.158213,-2.1217792,0.0035782333020529344,classical
0.25266996,[99.38401442],810.193530102206,0.03963694852941176,-297.10608,177.40216,1.4152033,26.162601,-0.16173494,0.049187485,-1.6303071,-6.7619243,-4.2438455,-4.23167,-7.244947,-3.7851517,-1.1933625,0.0026726568415341313,classical
0.2730267,[151.99908088],1807.129183735067,0.09016763315112229,-296.7974,106.309975,-13.569246,37.93494,-0.17392129,10.796032,-1.3976598,6.526999,-4.3529153,-1.2177521,-0.22429886,5.485637,3.121937,0.002126396088171229,classical
0.24994875,[123.046875],638.5233495839558,0.04440865059017028,-329.50446,228.59395,18.265734,-10.656871,7.299429,-5.523869,-9.450085,-6.0704126,-6.7704887,-5.4567137,-6.32131,-8.497224,-7.683822,0.0034135657413837187,classical
0.3328749,[103.359375],1693.7132091277417,0.08571414534152477,-219.52586,126.79402,-24.527048,30.253553,-0.91912484,0.044397384,-5.811876,0.80574495,-5.7449636,-1.2712034,-5.9521327,1.497247,-0.2189478,0.00235562246261614,classical
0.29102805,[83.35433468],922.3570335257085,0.03673825101586687,-331.29794,165.32549,-3.3842819,26.135557,3.3713386,-0.5318794,-10.304285,-2.685786,-2.6062486,-8.605011,-10.826312,-10.108303,-8.49603,0.0017422421021030612,classical
0.29401,[56.17357337],554.3147929853843,0.023805600570820432,-508.31787,152.8558,52.809544,14.036998,10.788978,15.992683,13.963971,3.5043488,-6.5566072,-6.1441107,3.102479,12.979469,16.593002,0.004060671284020502,classical
0.2610011,[143.5546875],825.2787345097863,0.04178886295472136,-338.2478,168.1057,22.479477,23.482119,6.619753,-8.011676,-6.7073607,-3.3189394,-10.731708,-13.943375,-11.568424,-6.863368,-8.22479,0.0021092417075083292,classical
0.27783424,[103.359375],585.1459575557885,0.028751148897058824,-374.83905,179.91241,50.354683,36.049583,20.363552,11.632363,5.807124,-0.91871405,-8.036066,-7.5894175,-12.428032,-8.1555195,1.8128103,0.002616280856828011,classical
0.19950145,[172.265625],554.8692974660413,0.0392953028250774,-376.7149,183.01764,44.316513,-1.3162309,6.932689,-4.326346,-19.986359,-18.749567,-12.6705,-8.21846,-5.9908724,-10.397296,-15.281117,0.004276770299519376,classical
0.20978107,[123.046875],573.4691774385477,0.040879193474264705,-392.74185,194.93648,38.661602,1.8068799,7.841448,-4.8193693,-12.37025,-10.421722,-7.3304267,-6.7688146,-10.029512,-9.235778,-4.9579997,0.005039134686599203,classical
0.2540351,[129.19921875],533.2776804878127,0.02972808932372291,-365.5528,207.9935,24.82032,4.8215923,9.593547,-0.81316656,0.7448383,-1.3634192,-5.9156365,-13.234693,-15.543998,-12.28404,-9.609199,0.002747302642163087,classical
0.27195483,[129.19921875],1599.4013648241728,0.07285783608262383,-223.93039,112.722946,-13.303569,21.541464,5.1631694,-3.2835298,-9.132893,0.7089561,-5.151876,-1.3959019,-12.848098,-7.5021043,-2.4464726,0.0018472301014575835,classical
0.22944136,[103.359375],543.4073662186624,0.038420780524380804,-352.2189,199.66257,34.324593,7.909014,7.8201704,3.0475533,0.2058971,-4.480444,-7.3012643,-8.976442,-7.8302603,-4.9056816,-3.843121,0.0032891402582779796,classical
0.24442205,[287.109375],510.850250199401,0.03257690051760836,-428.21613,155.34676,51.993984,7.0705967,5.4557214,0.6902378,-6.475051,-6.31222,-5.436386,-7.906377,-10.300733,-9.189562,-6.9849086,0.003765149688026356,classical
0.25236058,[95.703125],1505.3574604811247,0.0982227015661253,-268.21857,135.68166,-34.056377,25.616009,-12.971723,17.903263,-9.99086,5.634088,-14.143673,7.4931846,-3.9764395,8.258308,-1.3336012,0.002369416218642847,classical
0.21497735,[112.34714674],1361.006486221469,0.08776562802107502,-324.09125,133.56267,-25.030157,24.55361,-11.939921,17.658503,-5.5186734,1.7168901,-10.575926,-0.8605745,-7.80522,3.5297625,5.0546646,0.0020865070965228978,classical
0.2778935,[99.38401442],1490.2748102133896,0.09004578439191802,-235.30266,141.11952,-34.68189,30.97919,-16.402012,23.11808,-11.041572,7.6543603,-19.016834,4.226783,-11.8357525,8.917746,-1.4451483,0.00241760753857552,classical
0.23422067,[71.77734375],1526.6289318249862,0.10894638498163187,-326.89743,127.400604,-30.596176,37.471397,-5.2961755,20.813564,-1.7786855,-4.6154566,-4.040199,5.242275,-0.64244866,2.7945673,7.229206,0.002154182649241462,classical
0.22151817,[161.49902344],1705.7912691531124,0.11285716659416087,-259.95258,118.92713,-35.608337,31.969566,-16.524866,10.618957,-15.653264,7.425692,-5.82416,8.26638,-17.991137,-1.1879282,-6.356529,0.0020204819645786476,classical
0.2685064,[143.5546875],1431.080146867151,0.07521004024071926,-264.33557,138.1797,-30.096487,37.83662,-7.1731234,6.7740803,-11.809729,4.7056303,-9.825994,5.859127,-9.563163,2.6768575,-4.788712,0.0025023376352418768,classical
0.26142845,[99.38401442],1372.6940993686428,0.07290118365719257,-295.8206,134.53781,-22.434929,40.75837,-5.8729753,9.266152,-11.873936,6.2878857,-8.864131,4.4022946,-9.374512,4.060037,1.6421571,0.001929044127018553,classical
0.2765987,[215.33203125],1358.9954445281364,0.07312700901488786,-286.7648,135.92358,-24.43564,36.65812,-6.240166,6.963425,-8.172439,3.8363292,-4.407772,6.43176,-4.1324863,1.5559708,-4.3460455,0.002566428968341176,classical
0.25473848,[135.99917763],1516.848913603582,0.07877792983855375,-292.093,127.76223,-29.910952,37.434177,-9.56995,5.109292,-13.825463,7.040886,-7.0332546,6.498645,-9.904662,4.711042,0.36506906,0.002177971132860649,classical
0.27055803,[234.90767045],1216.3713864035042,0.056246752344354216,-356.10693,139.79785,-6.2831244,43.18759,-8.871487,11.056036,-8.395702,4.4202566,-8.280071,8.684677,-8.132967,3.4333065,-1.4450533,0.0019259329160771154,classical
0.24494341,[103.359375],1497.5036380467259,0.08621732707366589,-315.01526,128.71162,-28.93394,30.832693,-8.987341,7.994575,-9.845814,1.4287152,-8.980798,6.0593615,-3.3081124,7.6189456,3.8063476,0.0025706053306926223,classical
0.24493825,[151.99908088],950.1801498031009,0.06075721734822119,-385.35327,177.20355,-9.33685,24.37912,5.799284,-4.5660625,-6.359218,-6.949474,-4.122529,3.8736925,-0.33930957,-0.9373086,-3.6557696,0.0020493465195227725,classical
0.23563844,[95.703125],1180.5324896152028,0.06596252960653519,-362.7318,143.90761,-19.005598,30.651041,1.0206411,0.27225098,-7.991961,-3.8471584,-8.934133,3.276335,-4.4292364,3.6627495,4.925432,0.0019218480636456936,classical
0.23210803,[129.19921875],1388.1392656380106,0.08087606643948182,-343.14352,140.10466,-20.91952,32.316124,-3.6832788,2.940859,-10.663066,0.31063074,-5.795961,7.683308,-3.6783319,2.5477433,-3.4992898,0.002715508130085842,classical
0.23404849,[143.5546875],1279.515451953795,0.06845076251933488,-324.6393,147.81375,-31.926256,27.40502,-4.5023103,-4.1688004,-12.59746,-5.1306887,-7.7447653,0.8444132,-8.192252,-0.8276448,0.9923773,0.0024259561611837044,classical
0.21663478,[83.35433468],1371.4447396060193,0.07571871374709976,-449.5024,124.97929,-19.903538,27.45521,-5.7697797,2.2189133,-6.560758,10.581615,3.3420105,14.3803425,1.979647,5.249033,4.427051,0.00176814558371416,classical
0.2193211,[99.38401442],1054.7328868522366,0.04765745843000773,-482.57535,154.85045,-5.0330462,29.729904,-1.8655614,8.21654,-4.778444,9.63252,-3.3466737,4.530603,-10.102243,-0.6701807,-2.4489703,0.0022928359119716206,classical
0.25638506,[89.10290948],1358.6023759424481,0.08107885610015468,-311.5614,148.68465,-33.492855,10.352457,-12.897486,1.2300146,-12.900196,0.8069202,-9.733505,2.0582037,-5.113307,6.7274017,4.6117973,0.002427640404534524,classical
0.23902793,[161.49902344],1157.8655406408502,0.0706663434116396,-405.63312,145.72554,-0.8494923,23.064943,9.217205,-2.6364684,-5.7427993,-2.0792975,-0.638366,6.745994,2.7888033,2.4446673,5.0832434,0.0019799337858450216,classical
0.28401977,[184.5703125],1185.144479134992,0.057628894165699926,-475.8085,141.50447,-8.465948,34.003716,0.5104437,6.037262,0.0038526258,9.544266,2.1649942,7.102437,-8.052562,-0.115624756,0.76368,0.001936276159919277,classical
0.26896352,[143.5546875],1218.151449471981,0.0697996725154679,-300.90747,161.1279,-24.245857,27.956917,-2.8630507,2.3890126,-11.268325,0.22309761,-6.8389344,6.0936527,-8.139803,-1.8150443,-4.120981,0.002713742334476135,classical
0.26684955,[135.99917763],1371.3948853640532,0.07953924074342614,-278.16513,147.88019,-31.550192,20.35175,-9.574066,-6.2306337,-13.595258,-0.6612344,-7.273572,1.0149182,-11.761826,-0.9655799,-2.2157323,0.0024650359769156443,classical
0.27621743,[107.66601562],1211.4313268289068,0.06844094402552205,-278.80756,160.00061,-28.392517,23.027172,-2.7092493,3.0009243,-11.297818,-0.51610196,-11.366227,3.174696,-5.085273,4.348031,-4.0713315,0.0022125997573017578,classical
0.26729923,[95.703125],983.9717194937225,0.04421683161736272,-406.84668,163.08134,-2.372812,32.416626,7.946261,9.632712,-5.45672,9.490358,-3.060804,10.187205,-10.35241,-5.4048333,-8.054707,0.0018279634781489128,classical
0.25327945,[151.99908088],1253.0323992049648,0.07162893343967518,-223.18733,163.25397,-34.412884,24.186995,-10.303666,3.2221324,-12.889323,0.80370426,-14.28119,1.6788578,-10.140899,0.23151678,-4.558466,0.0028491651254115378,classical
0.2973892,[129.19921875],1184.2726167313847,0.0682921560808198,-221.30133,173.31781,-37.445778,24.35597,-8.682666,3.3846245,-12.844792,1.0788687,-15.323445,0.4238257,-9.6230135,2.288309,-4.490512,0.0023892048189664635,classical
0.2456861,[161.49902344],1278.5184062359622,0.08173216357308585,-319.2353,143.68849,-31.174316,10.929482,-5.559396,-4.257987,-8.956228,-5.5805836,-8.02272,2.3428679,-4.4802847,-0.32078663,0.96291196,0.0026367229349992223,classical
0.2406908,[135.99917763],901.7378802312896,0.053432620963843776,-366.2604,181.60039,-5.51421,26.999447,-4.8282466,4.6016793,-10.550475,0.15556985,-11.136406,3.576607,-10.338357,-1.0807843,-4.597426,0.001783539775658785,classical
0.26289216,[161.49902344],1314.399292126819,0.08109509437838361,-228.95596,153.91904,-30.704666,20.802929,-6.099663,1.1756067,-10.78928,-3.866134,-11.594046,0.86720824,-8.299901,-0.7155663,-3.0778165,0.0022918143898183144,classical
0.24689516,[135.99917763],1559.3040287466674,0.09219376873066512,-297.12802,130.24132,-30.590057,27.473576,-7.0638957,1.9754051,-11.136684,4.744581,-8.7696905,5.404951,-5.3879395,4.4562883,1.7435378,0.002186489393590191,classical
0.27837116,[117.45383523],1243.6691621009466,0.06370465366395979,-315.7878,149.6681,-30.549936,23.213522,-8.68629,-10.101967,-15.724107,-4.040028,-7.6393766,0.046328187,-11.144776,-7.673778,-5.867613,0.0019090394144408221,classical
0.30325136,[112.34714674],822.6139611536199,0.03944315545243619,-374.00146,172.43169,6.4013906,20.147358,5.863239,1.5984085,-6.7120857,-1.1907266,-0.28920582,0.33138114,-6.5567055,-7.3027678,-7.334053,0.0037243307021448727,classical
0.28324297,[103.359375],792.9088884169765,0.036572756549690645,-498.6033,177.51414,11.2123165,27.632612,-2.83633,5.0898414,-6.60016,-1.0522397,-4.139637,-3.0476696,-9.911628,-8.576438,-9.19357,0.0018001589410943152,classical
0.30408838,[95.703125],1128.3811387274027,0.054395966260634185,-429.07135,120.76844,-1.7005684,17.942797,7.7381415,-2.054263,-3.9395752,-2.5293145,-0.5850701,-0.8083962,-9.05951,-3.6882565,-0.9795186,0.002087687226743303,classical
0.27402547,[123.046875],1369.5923998136097,0.07354051865815932,-309.26334,138.65692,-29.71562,33.617283,-0.36966035,5.228342,-6.3285327,3.2850165,-6.703107,-0.68848854,-13.24687,-8.538453,-9.6672,0.0018338234316226394,classical
0.3191619,[151.99908088],1016.2036312413031,0.06112352269431554,-319.72226,166.00253,-11.9387,27.27777,7.8312716,1.7412491,-7.853774,-2.401125,-2.9048698,-2.5207543,-11.3745775,-4.6163793,-4.492808,0.0034613133514876868,classical
0.23927984,[107.66601562],1282.3275301478,0.059409440255220415,-419.33255,127.41256,-3.780655,23.201252,-4.313284,4.0386424,-8.204687,-7.614801,-7.066255,-2.9135451,-7.399464,-5.427491,-9.091689,0.0018850903528391167,classical
0.28418007,[161.49902344],1533.6492784629645,0.09391540385730858,-275.4436,125.33516,-41.033215,24.59948,-4.7629037,-4.2574043,-15.00206,-5.0420785,-4.9981613,2.4723504,-10.893561,-8.01609,-5.1683517,0.0022019303462506596,classical
0.2946108,[151.99908088],1279.4808753417974,0.07583880147911833,-275.9678,146.32536,-36.601395,24.209837,-2.5517092,-2.155176,-13.30885,-6.500922,-9.406593,-3.1215193,-11.546325,-4.1899295,-1.6999396,0.0029658036912775035,classical
0.27086365,[161.49902344],1633.5822989966382,0.10895658110982212,-409.5085,116.79858,-16.184534,11.701641,0.6897332,6.012307,-4.265308,0.4997358,0.4310803,12.586633,-1.1213995,-1.1413047,4.948069,0.0022106421955583847,classical
0.25054973,[107.66601562],1396.7128037657276,0.07262022368039443,-358.75812,129.07834,-30.378685,19.878695,-10.365979,-0.6496008,-10.599927,1.5427625,-3.966615,1.8717922,-8.833108,-7.1691914,-8.212051,0.002093836167511007,classical
0.26822123,[123.046875],1329.4563630678217,0.07881720381380511,-368.52054,124.2544,-31.574648,17.583704,2.324991,-5.9451766,-11.797775,-5.5220284,-5.396873,-1.3089094,-8.424349,-3.616905,2.2096312,0.0021351757988234813,classical
0.26182422,[198.76802885],1326.2905913173308,0.09386497754204894,-160.66153,164.26509,-48.74267,1.6567883,-7.6118655,-2.6635227,-11.042241,-7.000248,-8.0976515,1.2511177,-5.369692,-4.139391,-5.4268584,0.0027363436980864957,classical
0.19099382,[129.19921875],1063.396723083687,0.05100896352958237,-249.65216,161.55922,10.15452,-3.0576775,-0.573579,-2.0703812,-12.197371,-8.612416,-14.639438,-12.048641,-12.293453,-7.161874,-7.8807263,0.0031728179519501243,classical
0.2522556,[80.74951172],1181.884073002171,0.0717101248308198,-402.20825,153.97675,-15.228629,15.294281,-3.0716236,-3.1837263,-9.759971,-17.305773,-12.305009,-7.9180746,-7.099395,-0.29572114,1.5226654,0.0024203510270011533,classical
0.23616467,[184.5703125],1176.9449938974453,0.06226149338942308,-171.08478,156.89876,-21.83331,5.3263197,-4.0699153,-3.731567,-8.900291,-4.9369226,-7.900487,-5.3933387,-9.340079,-6.6050344,-7.7875705,0.00406447972047603,classical
0.3468405,[129.19921875],1878.4940039517187,0.11157585315158546,-85.30834,118.44306,-31.477152,20.282328,-4.4176335,6.9121923,-10.952412,-1.6223388,-7.3614726,-3.0186846,-4.4440117,-1.417289,-4.2533975,0.001998379262621332,classical
0.2584079,[123.046875],1174.3248424594703,0.06634016398395205,-436.85822,154.08043,-19.861963,20.18266,3.1738954,0.45094606,-6.5277185,-4.6089153,-10.058647,-6.1566315,-4.53336,-2.7670465,-5.211671,0.001757941631424942,classical
0.29638234,[172.265625],1514.0972710756876,0.08720002350983797,-124.04526,148.59566,-21.581469,17.421335,-1.4155146,4.123948,-7.0207763,-5.1447277,-5.8456483,5.0245104,-6.2263536,-1.9116532,-0.90014344,0.0025134011644373,classical
0.3116152,[103.359375],2224.8938399288413,0.10944642813951239,-98.35358,98.3555,-20.490532,18.820034,-2.095781,2.6650372,-7.3115172,-3.5901136,-7.989525,-1.9183743,-4.731997,0.6237759,-2.5930848,0.0022908158511266282,classical
0.2860107,[107.66601562],1170.256219376788,0.04948709698859242,-449.5513,151.49677,-12.753423,44.259808,6.250194,4.0544987,-1.4762169,-1.6236228,-2.4865205,-4.2856755,-9.663299,-1.3531811,0.13567714,0.0016925696981825123,classical
0.38145718,[135.99917763],1527.645526264714,0.06010507872968266,-230.27237,119.15338,-1.0512242,28.384487,10.00878,16.125822,4.7939453,6.1923785,0.9515957,5.9151874,-1.1755236,3.5739167,-2.0996544,0.0026116404123032204,classical
0.387909,[161.49902344],2411.5244663469507,0.12693159984048724,-186.65797,86.64906,-15.726744,14.733744,-2.2077508,6.2551727,-0.89246273,0.65540314,-6.0940466,-5.2228494,-7.879544,-1.7255487,-4.7003126,0.0032407442426061984,classical
0.30422586,[215.33203125],1462.3835644748758,0.08767017105137509,-121.83351,149.66736,-42.832016,24.485323,-5.4060426,10.664615,-2.818438,0.7835228,-6.3980646,4.4740596,-1.2259258,1.2524997,-1.1988703,0.0035900872574777675,classical
0.31954268,[95.703125],1702.24789858299,0.11507495897545662,-108.06734,127.27673,-44.952744,31.253359,4.3463645,-4.9418173,-15.889656,14.6361885,-7.799102,-1.2097644,2.8209624,17.278034,-4.0977507,0.001910581011684427,classical
0.18647526,[78.30255682],1079.788869352158,0.05933844499226605,-483.96786,144.165,1.3792461,8.07079,4.933558,-2.316337,-2.740416,-6.8436475,-10.15446,-8.070668,-7.157022,-10.55595,-7.773563,0.0019636515516684764,classical
0.3130526,[95.703125],1681.2723869009876,0.09672226140528549,-81.11545,129.04564,-42.44421,33.13707,5.6854477,-6.503762,-2.2667923,7.401878,-18.70608,2.4765916,3.7434185,1.8843732,-10.075478,0.0020719153352023747,classical
0.25387782,[107.66601562],1751.5809593775805,0.09522957149071926,-367.0708,112.81916,-18.745602,10.175582,-1.6043581,3.799532,0.9256812,5.0639057,-5.3709044,-9.514625,-8.494094,-1.786254,1.2870401,0.0032023251231367796,classical
0.26560685,[143.5546875],1137.8827996451196,0.08184394334880124,-349.94827,161.8574,-3.3694623,14.163238,5.7316146,3.5070765,2.9739192,-7.0916595,-7.915771,-0.36118284,2.8649027,-2.4754703,-6.782114,0.001854181902826379,classical
0.2825774,[117.45383523],1551.3608602773115,0.093266250362529,-197.22751,137.38995,-34.15922,25.363323,-5.2644143,-2.7768812,-9.50855,-7.613304,-7.647625,-5.667732,-4.3843036,-5.424353,-3.5282192,0.003293671341074535,classical
0.30537146,[123.046875],1803.800200335076,0.1040197668938515,-166.42174,122.12508,-32.114124,16.680294,-5.400134,-2.4928677,-9.827045,-4.8984995,-6.967043,-4.5714536,-6.6540885,-5.4923553,-5.371946,0.003149116259366672,classical
0.2818187,[151.99908088],1322.7344268727697,0.0761046560808198,-274.3259,148.35321,-20.328934,21.799068,7.9280887,3.7767048,-2.2288494,-6.0878696,-5.623011,-6.6903195,-5.9035316,-4.5922475,-1.5412745,0.003266942649823355,classical
0.32025677,[89.10290948],1474.7414794976396,0.07402917754253674,-305.44928,135.9327,-11.758563,18.213852,10.375582,3.0047126,-5.5933824,0.14134434,-1.354128,-1.8684579,-3.208138,-6.7502136,-2.6937735,0.003786737385186317,classical
0.22685228,[95.703125],690.5300405312647,0.03604482369006187,-465.89728,180.18097,56.64645,11.035487,5.84732,0.7351601,-3.9715195,-5.886589,-8.459515,-9.785687,-7.6918125,-3.2519479,-1.8584505,0.003144857526582781,classical
0.19904521,[89.10290948],1118.450246121639,0.0422878752175174,-498.64725,145.66858,46.470146,15.258628,3.0686219,-0.8322841,-5.2227077,-6.210678,-3.811383,0.089115955,2.7176886,2.2169223,0.2405624,0.0041859394544246035,classical
0.20720129,[123.046875],829.0091477951953,0.04750791521655066,-421.5947,172.78944,28.069185,-2.5672545,-3.5711489,-4.8697968,-8.896141,-10.693691,-7.677652,-7.9523697,-7.321746,-2.7029622,-0.9108148,0.0041734416077645045,classical
0.18713118,[135.99917763],795.5192461669669,0.04502194811001547,-429.1393,175.105,31.898457,4.288325,1.0443158,-5.7782183,-9.484334,-11.283601,-10.578688,-8.663466,-6.3293447,-1.6777813,0.82280564,0.004186824461937077,classical
0.26748624,[143.5546875],1117.675441354472,0.04635726326856149,-413.4534,143.48242,31.305882,14.029362,1.5161096,-2.2952938,-6.4711924,-8.109996,-5.934282,-4.4754477,-2.8047545,-0.82260454,-1.2224383,0.006640896597171715,classical
0.25726342,[83.35433468],1559.9200748058706,0.09517254869972931,-234.44064,130.26003,-39.531033,19.348919,-6.7951365,-5.134988,-3.7098153,-4.0319524,-5.071555,-1.3709053,-7.7486467,-4.3807516,0.4702783,0.002576851099391903,classical
0.23666598,[69.83741554],1349.5622465655813,0.07925337151972157,-321.24756,136.29433,-28.28276,31.008644,0.5742582,0.23691241,0.6586137,-1.3397088,-0.058611777,-0.42391258,-6.176197,-0.14452073,-0.4549772,0.0019847233519010177,classical
0.24420142,[161.49902344],1355.7633127675824,0.07083778941898686,-321.1392,134.57178,-18.24004,22.185543,0.42837247,-3.8020203,0.4877544,-1.1469616,-1.9024942,-0.10495498,-2.7560534,0.5838329,2.4930167,0.003410910276558618,classical
0.20812953,[143.5546875],1397.3892884939066,0.075862970079273,-269.7108,136.43422,-25.016579,26.403866,0.68106735,-5.372084,-1.109293,-1.498667,-0.17736825,-3.8057554,-9.296668,-3.1443982,1.6502775,0.0023273563896397146,classical
0.27937976,[117.45383523],1285.3702594238277,0.06374241710170148,-360.83868,138.97086,-12.927217,33.778614,7.5961585,-1.7088121,1.027019,4.0721283,3.938996,0.94157827,0.5166481,4.6864805,3.336596,0.003529361712337586,classical
0.21630721,[129.19921875],1211.8707246042645,0.0709397507008894,-306.85605,152.84921,-27.586615,16.327555,-3.148807,-8.940591,-5.437477,-9.772418,-7.1042967,0.29831234,0.89340913,5.4443207,8.212006,0.003195338575348347,classical
0.23739636,[161.49902344],1360.1636476762342,0.0721379845804331,-289.74127,143.90283,-27.002756,24.065565,-1.1469277,-6.3004317,-2.745879,-3.524174,-3.0163457,-3.1469986,-7.264607,-1.6910163,3.0758982,0.003261650446615291,classical
0.2173621,[117.45383523],1171.477078803794,0.06086408787703016,-413.00116,138.53171,-19.246777,34.156403,8.985244,-4.2935634,4.1500463,0.8692794,3.081244,0.12008622,-4.0598016,3.7838356,5.919068,0.0018468409900714,classical
0.26036572,[172.265625],1340.8675515904304,0.07174562246229699,-238.74171,149.72977,-28.855423,28.25653,-0.80010945,-3.9364913,-2.1363714,-4.325534,-4.18362,-3.438125,-5.7532845,-0.09010243,2.5456483,0.0026870617197804494,classical
0.21900696,[161.49902344],812.1207958821843,0.048334934503093584,-477.94348,155.32089,12.7602215,5.5314426,2.3841317,-10.652273,-16.651352,-12.546622,-11.187111,-9.374714,-3.2156122,-2.7692902,-6.4778414,0.006112790529910728,classical
0.22509545,[67.99958882],715.8536806386742,0.041281857236078884,-552.1586,173.31636,26.347733,14.1246195,7.2601395,-7.080264,-5.8543334,-10.337285,-11.018615,-9.1995945,-8.825932,-4.930786,-3.6539578,0.003752421707565988,classical
0.21777761,[143.5546875],790.5070052979679,0.05208824258023975,-437.6044,170.93153,7.4195814,-3.083473,0.7893821,-11.128749,-12.522781,-6.907836,-5.858702,-8.461237,-8.481487,-8.339388,-7.378575,0.0031699080982629,classical
0.4380738,[143.5546875],973.5355866616919,0.03153360341744006,-549.5697,156.9653,6.631246,34.402447,13.249272,5.748277,5.0407815,-3.0072958,2.0624194,3.0736666,2.01758,3.2438076,5.6670165,0.0017352228327894995,classical
0.2667711,[151.99908088],1214.3502552431958,0.06057444230955143,-374.65198,153.82292,-21.559772,20.833046,7.002672,-3.9453752,-2.5165148,-2.8052347,-4.2927785,-4.5061345,-5.7571154,-4.25979,-3.8456016,0.0018785437260343133,classical
0.28263748,[112.34714674],1415.4129895873139,0.08737817514984532,-263.99594,142.11691,-51.378956,5.0166855,-20.275646,-17.12978,-16.075098,-20.311262,-15.04123,-9.737653,-8.4088335,-11.790934,-6.8859296,0.0021654621411242962,classical
0.24480073,[117.45383523],853.0763810402855,0.050776340753093584,-338.83044,190.14246,-16.293915,3.7036424,-0.44072857,-8.890434,-10.38858,-16.360968,-13.284851,-10.792324,-8.643245,-8.279584,-4.624201,0.001759848607343058,classical
0.24573597,[112.34714674],1002.6849591662105,0.057944596505220415,-368.99612,171.87369,-27.293062,6.0049872,-0.16409573,-10.674203,-11.9248295,-10.194441,-11.368568,-10.507292,-8.375313,-9.789171,-5.0586824,0.0031549260502138367,classical
0.30974057,[107.66601562],1525.7917091607942,0.09158955372679814,-246.15865,149.42867,-41.988865,11.606256,-10.289648,-4.0193577,-7.1368546,-10.135562,-9.420322,-7.171843,-3.1583676,-5.640657,-2.586296,0.002999751781557409,classical
0.31202316,[99.38401442],1356.2906973182814,0.07683462333236658,-283.51343,159.5616,-29.515244,18.527405,-9.859647,-3.4256573,-10.989011,-9.791544,-8.29952,-4.2436934,-2.8717248,-5.970813,-4.0241084,0.00327486263041214,classical
0.27436775,[123.046875],877.3225402716945,0.05104483879543697,-392.925,190.73505,-13.30989,8.256798,1.556012,-11.073181,-11.240291,-13.994958,-10.621299,-9.390467,-4.6211743,-10.071729,-4.8217816,0.001867407600543241,classical
0.29441762,[103.359375],1304.1427959179266,0.07056627030162413,-299.62308,157.25868,-37.329967,15.76609,-5.7509174,-4.4520483,-6.8125167,-10.72881,-9.877374,-8.156403,-5.426561,-7.837365,-2.7309942,0.002569648777301605,classical
0.21728311,[99.38401442],2423.3323353649416,0.16665269419470224,-301.9321,57.551674,-59.138557,33.53785,-20.924202,17.733927,-0.6399964,49.018707,19.130726,27.11223,-17.640003,-0.28261364,-3.750939,0.0024857457720247104,classical
0.21940403,[95.703125],2172.3382154638084,0.15196460508507348,-326.38028,85.908844,-42.970146,31.839684,-19.570826,9.9973955,-16.449766,9.995578,-8.598667,25.513878,6.546204,16.401815,3.4843893,0.002022588196577357,classical
0.22592382,[92.28515625],2192.5069045226314,0.15240530440351896,-251.23933,88.76645,-41.775455,37.914806,-12.039209,21.623262,-5.8672247,25.71373,-5.204475,14.297369,-7.54923,10.474768,-4.9246387,0.002304585634277854,classical
0.181111,[95.703125],1807.9280823768647,0.13096813370069604,-299.6929,103.63919,-27.674162,51.015617,12.293651,16.498365,-10.951071,-0.887635,3.8555367,12.946044,-12.41085,2.478124,5.183284,0.0021044101710527207,classical
0.22694331,[135.99917763],1623.7580253062436,0.10824964955529776,-207.42522,117.61352,-41.420906,13.249367,-1.6709114,15.538312,-10.338402,-1.8724031,-12.771744,6.9996586,-0.77371377,2.0700433,-8.253666,0.0029005510524226777,classical
0.36881214,[184.5703125],1423.5649269846945,0.07011877356438515,-385.87155,128.65533,-26.71042,39.469887,-2.1612146,16.753073,-5.728032,14.715788,-3.0880718,12.3004465,-5.8861976,2.797903,3.6902454,0.0021425738850226195,classical
0.22768864,[86.1328125],1800.8758120131474,0.12435424521461717,-422.54468,89.863014,-18.73295,37.771908,6.006347,4.1578536,-1.9991797,12.114277,4.164937,13.789986,2.8316233,5.892905,6.113412,0.002261040629178747,classical
0.29294565,[135.99917763],1933.7503480662401,0.11757193179621037,-203.65866,111.14665,-51.54852,39.4677,-10.575403,11.908858,-13.1665745,15.140764,-7.2812214,13.376247,-7.3036685,3.8474364,-3.7815683,0.002131678866037793,classical
0.22228573,[103.359375],1494.4657470360255,0.08590993269044857,-280.7058,122.70871,-14.398484,26.855293,1.342496,5.994597,-13.109008,3.3745084,-11.562682,5.1796885,-1.0512307,2.7557733,0.0577943,0.002305833831730737,classical
0.2899613,[184.5703125],1952.6079332127847,0.12342262120552977,-287.6037,101.75817,-35.345406,41.28016,-12.727131,17.276148,-13.967989,16.304947,-5.592962,13.65411,-8.788416,-0.053095203,-13.757536,0.003464230148453434,classical
0.3338999,[95.703125],1525.0760420116658,0.08068536107888631,-378.6962,126.49836,-18.83014,42.88959,-14.325575,25.359526,-14.636545,18.717955,-10.184204,21.119013,4.4280825,18.228247,-10.292282,0.002253824525092408,classical
0.21686392,[184.5703125],568.4018004650792,0.03717097704624613,-563.28467,137.4399,58.323807,13.8360195,3.679371,-2.6563075,-9.857134,-12.108438,-10.578691,-6.0403953,-0.23525104,2.398304,2.2094119,0.006248223179630905,classical
0.2235229,[103.359375],565.3794394301163,0.03574770522929566,-482.29962,160.79626,57.172466,-2.1221967,-9.158338,-7.4848194,-13.241402,-16.140171,-13.244869,-10.146336,-8.698514,-7.5495877,-6.4882836,0.005008418037052174,classical
0.21377866,[112.34714674],812.3098280536021,0.04574046415441176,-441.71603,152.4652,32.98986,0.22154789,9.442311,2.0206194,-7.9618893,-8.474061,-6.8051834,-4.9176564,-3.9529028,-3.9973476,-2.0003202,0.008889840054849624,classical
0.2303549,[143.5546875],808.4724740374481,0.04287086699400155,-426.06027,168.51363,40.90465,16.033081,13.416868,-9.241263,-12.796544,-13.391975,-12.867435,-2.4788623,-10.69007,-7.5549526,-8.692921,0.003410256220376423,classical
0.21378918,[112.34714674],797.5083218853875,0.046809240760448914,-507.04788,157.70845,45.20583,2.6266484,4.01929,3.2556765,-1.9371903,-5.3901267,-5.485204,-1.9493189,3.6194067,6.8229685,3.3966691,0.004536830768975485,classical
0.20083514,[172.265625],520.3851750478792,0.0387673392753483,-398.0464,200.5938,56.052814,-0.80340177,4.0183735,4.2453766,-3.4851654,-6.2944417,-6.0597086,-6.1044536,-4.29702,-1.2978393,-2.7136064,0.0054940730497503466,classical
0.23721215,[143.5546875],578.2229717254908,0.03481422636900155,-342.4838,213.93034,39.977222,-5.033553,8.059274,-3.0229523,-15.05939,-15.345832,-14.935739,-13.854149,-10.442479,-6.53429,-4.6845837,0.003448342162196592,classical
0.27704862,[92.28515625],1252.5079536857097,0.07218021357391641,-295.55865,144.94563,10.441376,29.55647,7.3106813,6.2417674,-6.263255,-6.9149265,-7.6161036,-1.0455217,-6.9733915,-3.4013317,-5.8494663,0.002254075026406991,classical
0.20925993,[161.49902344],813.4457269272635,0.05473436290634675,-271.89633,181.59029,-3.3752725,-10.780348,-9.939301,-16.4603,-15.79542,-17.706274,-13.7945595,-10.202419,-8.419804,-2.3880596,-0.15542074,0.005364415089467077,classical
0.23837057,[112.34714674],622.5190596299208,0.043959295786571206,-365.886,185.80132,41.912334,17.749727,10.047692,0.46884808,0.14074442,-2.4390392,-5.2218695,-1.1829439,-1.8910997,-5.481581,-4.8698716,0.00406543217688731,classical
0.25756785,[99.38401442],678.7977630895391,0.03640567555147059,-340.1309,184.61339,14.673396,24.864174,16.133892,7.2572546,-4.4402084,-9.441233,-7.4739156,-10.495667,-9.487193,-8.415416,-7.228344,0.0023460266873670567,classical
0.2942351,[103.359375],1005.4413625224634,0.04861913155476006,-478.3957,166.53055,22.97769,7.8396187,0.42285118,-4.136149,9.773553,2.7580256,-27.135454,-4.828469,-11.408224,-4.949785,-8.271613,0.002018976112161212,classical
0.23192488,[107.66601562],452.2229324112316,0.03243782350522446,-414.095,149.3607,70.66224,30.035503,17.449492,4.247393,-7.757001,-12.041255,-12.836839,-13.156611,-9.632698,-3.34309,-0.3417591,0.006132146635958973,classical
0.21051675,[112.34714674],560.8978363685494,0.03392950004837461,-400.1568,169.68558,55.45569,14.475085,9.040624,6.6394415,-1.6252545,-9.065983,-16.787521,-16.100668,-8.108619,-2.6197038,-2.197982,0.005023307169863925,classical
0.33401412,[92.28515625],891.3366599775029,0.04600274525928793,-377.45728,154.57585,62.890274,14.617671,11.449022,12.354595,5.108483,-0.7553603,-1.9557958,-1.5644679,-0.9464457,0.05934756,0.43915135,0.004454061704289228,classical
0.21252976,[151.99908088],1071.3221540196607,0.05066409273413313,-335.67047,154.50781,-15.981199,21.951365,-7.2634816,-5.309,-4.782485,-6.673681,-9.493321,-7.4877415,-8.709622,-11.648264,-8.273021,0.0017523797230983053,classical
0.26442397,[95.703125],462.98785601179935,0.0316842377370356,-408.96817,204.17882,55.556694,-2.5377946,2.372795,2.7807336,-4.7022257,-9.978648,-10.3029,-6.888955,-7.19333,-8.940559,-4.939336,0.0037143011846346684,classical
0.23867925,[184.5703125],513.6393731156295,0.033817255829140865,-431.9446,217.43518,60.46077,3.7058725,8.099493,2.9505725,-6.9696074,-9.511681,-10.157024,-10.520816,-9.021167,-8.241655,-8.862223,0.004161528438142571,classical
0.23836449,[64.59960938],872.1213688572129,0.03890528250773994,-480.0439,146.59866,34.881,32.027855,8.709631,5.2264166,5.2288427,-1.0225108,-1.3079245,-2.4083962,-5.86959,-3.9616396,-3.6578577,0.0026305751928692315,classical
0.23323835,[112.34714674],690.2685793514629,0.03605118034055728,-422.5896,168.8451,27.554724,13.028662,14.828107,2.5424676,-5.6048884,-7.5789595,-5.839449,-5.592656,-9.573811,-12.297124,-9.471263,0.0032521814427233344,classical
0.31692117,[135.99917763],523.837735420634,0.0261457224748452,-287.5005,201.07565,21.669315,10.54446,20.578493,-0.06648902,-5.1048985,-0.90581965,-6.3200116,-14.042963,-9.118669,-3.8854678,-7.2478323,0.004039026442046965,classical
0.28465748,[129.19921875],1343.2197457421864,0.05821015443595201,-294.22964,128.3747,0.8954437,48.586643,10.0671215,6.056228,-2.4339514,-0.6373233,-6.428614,-4.3488398,-5.8531346,3.2891283,-2.2597144,0.001969235288512495,classical
0.2579996,[117.45383523],485.9264454201287,0.03207917110100619,-453.48422,176.97025,56.54754,11.709551,8.124678,2.345656,-0.28959972,-2.4703875,-5.8768682,-5.7702065,-5.1292644,-4.984358,-2.8246214,0.004009520505566999,classical
0.26366928,[123.046875],504.5570304209284,0.030651364164086686,-389.55765,170.74673,63.14257,27.425636,12.301909,3.9294474,-3.1369002,-6.051888,-7.52317,-7.7787647,-6.248333,-2.9282253,-5.0099416,0.0058515574181006984,classical
0.22688809,[112.34714674],603.9475633853789,0.050760841960139316,-426.0712,193.7094,35.706795,-7.618562,0.75187314,-0.7260526,-3.3607264,0.7857895,4.005478,1.2234669,-2.4121003,-2.7068796,-1.9173326,0.0037135650728371927,classical
0.22024167,[103.359375],593.0276644480512,0.05017996867743808,-426.48843,198.92744,31.353298,-5.0973525,5.5420218,-1.0188866,-5.6924396,-2.2967641,0.81449187,0.33034578,-1.2757697,-3.1032948,-4.7091327,0.004227805482631096,classical
0.23149756,[129.19921875],456.562436686556,0.03251983359133127,-475.4491,192.65709,58.20107,16.60606,16.005856,-4.083095,-18.956903,-15.355484,-11.21564,-11.047168,-8.974653,-7.8854775,-8.791968,0.004536916991769884,classical
0.24264267,[78.30255682],776.3667096395125,0.044879169286958204,-410.17667,166.03595,13.67911,7.4211297,10.04081,2.4423742,-3.6208527,3.943408,3.7963383,5.150387,0.8848572,-3.6208484,-5.649072,0.0032702901183004405,classical
0.20787656,[151.99908088],772.3739675437365,0.050906343725812694,-369.00262,172.55576,20.328814,8.236405,0.7342957,-12.494081,-16.854548,-9.717416,-1.3533396,0.7120692,-6.5350003,-15.375253,-15.501309,0.0032928069528620884,classical
0.21420634,[172.265625],755.6135887238912,0.05092297249903251,-348.7786,192.62946,9.339371,13.296376,13.311551,-2.5650148,-13.30603,-13.153829,-9.568689,-6.505725,-6.21078,-5.282298,-5.5158973,0.002492997194726146,classical
0.24589576,[135.99917763],1308.3945263422665,0.06700866510255418,-342.40814,130.74605,6.253387,43.059704,0.096900016,-3.5176685,-7.7178907,-6.39922,-11.83526,-11.257938,-21.644,-3.1134164,-2.3731012,0.0021566770732729832,classical
0.2432855,[107.66601562],404.6985468035954,0.02407166094233746,-364.17285,164.69826,71.245926,27.36754,16.51723,9.855278,-0.34727153,-7.8424444,-12.560064,-11.732806,-10.75605,-9.892155,-9.208248,0.00697361237776308,classical
0.22061916,[287.109375],649.4622069483339,0.03729040187209752,-463.37762,189.64456,39.20959,6.9962735,7.973381,5.848603,3.0529008,-1.6126306,-7.1872196,-5.5616903,-4.01558,-6.3602185,-7.0554976,0.004666168655705,classical
0.18759473,[123.046875],1663.343593176259,0.08710642717202012,-422.0903,107.21646,-16.407894,24.302471,4.29184,-10.486248,0.03994978,-11.140416,-9.916367,-9.389558,-7.7694554,0.23151673,-3.744299,0.0018961707109105149,classical
0.24872014,[161.49902344],1136.0236648678474,0.0653076171875,-351.4763,163.23102,-35.768116,15.140532,4.40572,-21.286423,-4.959486,1.5224142,-9.963484,-13.758864,-11.786623,-5.2692676,-4.487557,0.0024406497639759945,classical
0.1942844,[151.99908088],718.8124093277092,0.05293845539860681,-344.07605,165.54282,25.690609,-10.128169,-2.946309,-8.542216,-13.629462,-8.87005,1.778268,8.277782,5.0910053,-2.348669,-6.660744,0.005454494748874429,classical
0.23445353,[107.66601562],785.6747788817953,0.03356971386416409,-355.25305,162.00114,15.899718,19.811481,11.120906,3.7766874,3.8536863,3.8518808,1.7221302,3.9435585,-1.3449577,0.37996057,-1.111146,0.002948509830247858,classical
0.32272938,[129.19921875],766.0889955453172,0.04238636501064241,-306.94852,190.53014,15.489282,19.656975,11.396843,2.2567196,0.15779695,3.0336895,1.9793669,1.1708487,-5.2760653,-3.6309054,-5.0987864,0.003358696644072361,classical
0.25513327,[172.265625],421.84860629174534,0.03430818256578947,-396.6746,216.05414,70.36329,7.221831,12.17847,14.317618,0.7521543,-7.401443,-6.3673763,-5.9208016,-6.774697,-3.97997,0.50014126,0.004980317796983146,classical
0.22825149,[112.34714674],678.788126244154,0.04440638303018576,-420.73093,210.72842,-2.7061474,-9.808356,14.230496,-10.221667,-15.771829,-13.388269,-13.587121,-5.771306,0.0365285,0.18079199,-0.4976134,0.004812416750952322,classical
0.27898628,[143.5546875],1616.6995228316646,0.0898467734133127,-264.6965,137.91031,-38.298355,12.092997,-15.01998,-8.343685,-11.159423,-8.085013,-11.455649,-4.5149775,-13.067811,-2.8247905,0.34758785,0.0017827237265728173,classical
0.21300855,[117.45383523],857.2356129918231,0.03691209728134675,-392.5012,152.2035,58.56346,19.764412,9.158421,-3.0714655,-6.4276567,-3.6524882,-4.3291845,-6.5105834,-12.84798,-15.845005,-16.238276,0.004591081673187134,classical
0.21139358,[112.34714674],683.1117121785038,0.03674732125580495,-389.198,171.0086,61.23671,20.209517,5.113419,-2.81589,-1.995312,-1.5270973,-3.0110664,-3.0794888,-9.260607,-11.928459,-6.8839574,0.004601305349137412,classical
0.22994152,[287.109375],491.8837850204128,0.027395903879643965,-438.26465,173.79802,70.352036,26.071482,17.040197,6.233662,-3.538981,-5.6888924,-5.7466435,-7.1134315,-7.487267,-5.9757214,-3.5034792,0.004599988441223025,classical
0.3104658,[80.74951172],561.747498463185,0.018260660555340556,-367.06375,157.29265,65.84552,38.18258,23.766226,21.293304,11.961305,6.2729335,0.37802175,-0.3720966,-3.093202,-3.5839775,-6.4191523,0.0022424669688019187,classical
0.2146232,[123.046875],643.3382464573979,0.042065505272832815,-331.72708,181.19324,24.002148,-9.866535,5.3962626,-2.5977187,-7.7054386,-7.808547,-11.756291,-8.911427,-5.3708324,-9.0795355,-8.738862,0.004803056807987765,classical
0.255085,[215.33203125],923.3530764625541,0.03946801531056501,-242.27002,158.35928,-13.229402,17.577414,15.646829,-14.889881,-6.4440837,2.0889316,-5.3698444,-3.4268959,-8.689565,-14.512804,-13.284325,0.002492984230213186,classical
0.27002645,[135.99917763],1055.5777260640866,0.06736958506675697,-302.79428,177.40308,-28.620815,16.401207,-6.8554764,-7.6652107,-3.3705337,-6.093396,-5.0228095,-6.5503664,-14.400832,-5.186763,-2.2056181,0.002157132092264796,classical
0.25618416,[143.5546875],573.9123167890283,0.047360635763351394,-366.34308,220.31119,33.2398,2.2562134,9.259158,-11.069175,-15.400309,-8.287843,-4.155939,1.8066982,8.68302,9.341286,3.443001,0.0030910488422614983,classical
0.22289282,[198.76802885],513.6398663662472,0.028574279218266253,-428.22552,127.01405,60.16992,26.441055,8.855387,-5.2168303,-15.995808,-20.39121,-20.569843,-17.820261,-13.845788,-10.024205,-7.8400764,0.006541316344286821,classical
0.23797897,[71.77734375],508.5982542653291,0.03302285398123065,-367.88666,200.62018,47.74737,-1.9804097,12.256148,8.440397,-4.81658,-6.6033764,-6.5396686,-8.770878,-8.465064,-6.673435,-5.8145638,0.004710366963565384,classical
0.21728146,[66.25600962],1428.4869981232857,0.07295118396865326,-316.69302,91.90797,-15.442935,29.14589,3.0478218,0.79035854,-4.2978153,1.3958989,-1.1321828,2.515826,-4.9353075,3.3164644,2.026761,0.002342814283080566,classical
0.2176812,[107.66601562],1472.8329925783523,0.06601774138931889,-217.729,128.1624,-12.674776,25.09556,-20.717903,-7.3096414,-6.0689836,-5.841273,-9.540481,-9.212958,-11.544457,-1.7269291,-5.727281,0.003065507020154656,classical
0.21820235,[215.33203125],724.508322794411,0.04749139838912539,-387.49518,179.39838,28.73867,-13.265507,-0.45729324,-4.429519,-10.0343895,-7.005099,-5.8061023,-5.100593,-3.5248637,-6.3478317,-9.064855,0.005038799111132969,classical
0.2222199,[184.5703125],722.5766431976007,0.04613653129837461,-361.0562,177.55174,5.1711836,-18.290598,3.2993836,-7.2511134,-15.464345,-14.707974,-15.4525,-13.216751,-11.262042,-12.986956,-10.861033,0.005155614818704193,classical
0.24833441,[135.99917763],1010.5086115313628,0.048314144736842105,-317.67603,151.49028,17.727863,33.453953,-4.2461376,0.55329955,-2.7188437,-11.205564,-9.023295,-7.1926413,-11.893371,-8.052964,-0.7383962,0.0021204759206482947,classical
0.35593164,[95.703125],1584.5442088215996,0.0813585405379257,-228.30316,129.74422,-30.904469,27.582502,-9.109555,1.9373825,-5.216169,-2.3574069,-3.6699114,-0.096779674,-7.682135,-2.5314822,-4.4273124,0.0023326655274875387,classical
0.23748694,[172.265625],503.4407925059187,0.03342383417182663,-422.73886,202.86362,58.952328,-8.137768,-2.2727878,5.3856587,-2.821039,-11.260985,-15.726207,-17.26221,-15.20529,-10.946411,-6.1638017,0.004604771879894355,classical
0.20525981,[54.97839096],552.774445975545,0.04270873645510836,-460.68896,177.96967,57.36819,4.6102123,-2.3064735,-5.4312286,-7.479435,-9.051417,-10.14225,-8.179186,-5.0652776,-4.9465237,-8.745915,0.0072333997961457255,classical
0.25775227,[184.5703125],532.001182521055,0.03123072574013158,-301.60663,206.17236,38.348797,-2.6830292,12.827296,8.198036,-1.2110599,-6.666137,-10.446889,-5.695886,-2.5123591,-6.656136,-11.551091,0.005337243264971745,classical
0.21820006,[123.046875],710.7786401524828,0.03840755309113777,-410.88135,165.36972,60.55672,25.621914,4.39594,-3.0903635,-3.781398,-7.8241463,-7.687708,-4.9874988,-0.5186737,5.2734866,5.8645654,0.00363265862288206,classical
0.25606942,[117.45383523],1113.7067614418247,0.0567967087122678,-414.0536,153.01384,-1.028997,38.92181,13.250467,5.9164295,2.289363,-0.23303497,-1.7957406,-1.7899354,-7.8763857,-0.79589486,-1.8231356,0.0018744759890889145,classical
0.27461755,[184.5703125],759.0061230127934,0.04335083385739164,-289.3743,177.86275,13.075771,15.639999,12.878696,-0.6795239,1.934514,3.0261185,3.3906155,2.7274134,0.14102428,-0.40893877,0.8021713,0.002623916466276266,classical
0.25743145,[107.66601562],698.771589851269,0.04183723756772446,-337.94476,220.96603,-7.019011,-4.1042237,20.036728,5.508403,-7.3385997,-10.259121,-12.004056,-8.344743,-4.174675,-4.8968806,-7.135856,0.004107426074231138,classical
0.24363382,[83.35433468],591.0705474354374,0.03509238039376935,-492.76273,165.35144,54.296738,11.65703,10.318919,7.168324,-0.42682734,-8.378477,-12.782068,-11.54868,-7.4137883,-2.7271848,0.82319427,0.006907544105412055,classical
0.29078248,[107.66601562],576.2911209880594,0.030943879402089782,-412.83383,198.08684,49.02382,17.278698,2.4076045,-1.3985204,-4.789496,-10.493272,-10.224897,-9.59138,-16.939749,-15.58494,-9.947526,0.0024257336190602495,classical
0.28336096,[151.99908088],505.8611090752765,0.026110197368421052,-390.8235,173.1925,86.17403,27.256773,12.063961,14.4087715,9.257296,2.3599684,0.64369756,0.21757492,-2.00048,-4.5781226,-5.581063,0.0037785646606787546,classical
0.22523692,[95.703125],1384.806004847046,0.047716264754256964,-424.07828,129.34833,-19.005539,27.188581,11.338271,-2.8021407,-8.246304,-4.7034554,-6.968632,-10.553316,-14.399086,-10.643713,-18.825687,0.002036794068511212,classical
0.23211707,[89.10290948],444.8384530860827,0.025132123161764705,-405.8692,161.64561,65.41078,16.188162,2.9543931,5.09588,7.9202743,6.324956,1.9374667,-2.9366107,-5.311708,-8.114788,-12.6172,0.004562460830935248,classical
0.26404083,[107.66601562],1437.9054040967778,0.07431285373935759,-252.97131,134.38353,-28.38108,25.159159,-1.220468,-5.081218,-4.0649714,-3.9635456,-2.3301635,-1.4265643,-6.339646,-2.5793219,-4.518551,0.0027653109909418186,classical
0.2229334,[143.5546875],513.8419474003427,0.038750710502128485,-372.32333,195.94662,39.498974,5.420102,13.001839,2.470853,-5.9131455,-5.1589956,-2.5927465,0.5205692,3.7037578,6.6891627,7.720569,0.004530028713387321,classical
0.22403084,[135.99917763],607.9179660872894,0.03624883598587461,-453.0252,184.1692,33.426796,-2.730538,8.721114,2.2402139,-7.872719,-11.862983,-13.445493,-10.967502,-8.41812,-9.830382,-6.8548956,0.005863970162648973,classical
0.18695147,[215.33203125],469.4538908007466,0.02552063177244582,-488.24884,131.82101,74.97107,32.35279,12.35775,3.7166219,1.5146495,3.8064196,4.9754686,1.9788479,-3.4810784,-9.085398,-12.510908,0.005530885082392588,classical
0.20929092,[129.19921875],610.8003525232856,0.036578388036958204,-393.1599,176.96391,73.05716,21.703514,4.818012,-3.4384696,-6.9847817,-3.0855331,0.81653833,5.1045694,2.1867876,-3.9239619,-8.07011,0.004304654688686829,classical
0.25727338,[287.109375],758.0893410757476,0.040181540852360684,-415.87598,189.85072,62.403023,5.551181,4.468769,3.1544867,-4.0364957,-6.5394464,-6.0291047,-5.8589954,-6.041441,-5.2152224,-6.6384225,0.0037462024392477824,classical
0.2040135,[161.49902344],927.5684264980376,0.05606315305727554,-367.01508,163.58801,1.43255,0.7442148,8.154427,-4.8461394,-7.3706975,-5.653917,-4.829046,-1.1788102,-2.266746,-4.484095,-5.691914,0.0025486485110008156,classical
0.22053945,[215.33203125],582.1440092797949,0.0317439501499613,-516.22437,172.13115,38.868893,3.6184113,12.51076,5.251101,-5.0013723,-10.469595,-11.29038,-7.46144,-4.9878674,-4.9075747,-5.2273417,0.00458720470410198,classical
0.2575236,[161.49902344],542.5161919901354,0.032455208131772446,-429.29562,191.1833,56.835423,-4.295639,2.4149733,6.2542496,-5.1718273,-7.9715843,-2.2003236,-1.5606,-6.003144,-7.430822,-4.799189,0.004113417083770169,classical
0.20615588,[129.19921875],546.4534975684644,0.03808253616002322,-431.1556,189.27142,49.67806,-4.4805455,6.140411,3.671045,-13.116138,-16.646008,-12.388149,-13.112991,-13.5457535,-7.5379286,-1.0532442,0.004694594306576336,classical
0.25206834,[89.10290948],601.7376371171503,0.04215016084558824,-357.64337,217.45578,21.61478,-15.825624,5.940988,-5.4661965,-16.40199,-14.20779,-11.311188,-9.376987,-8.289284,-6.2656407,-2.1328094,0.002839757119227354,classical
0.35605404,[117.45383523],527.5519291312187,0.019352868614551082,-302.78354,194.70128,2.4284675,44.550297,23.145136,4.1429734,12.532793,14.658303,15.04864,3.060767,-5.4782996,0.009308523,2.0536509,0.0017947363601698075,classical
0.23458374,[89.10290948],869.7552252555572,0.04261160930243808,-318.18695,153.61168,20.028404,36.578785,13.120127,-4.2868457,-7.772962,-12.78968,-6.343564,-5.9174743,-15.930659,-7.0821824,-5.947055,0.0020224918727680358,classical
0.2759627,[107.66601562],1818.2023034111053,0.1035496383997678,-302.65897,112.76717,-33.784477,23.978046,-8.737114,3.297364,6.128697,16.543825,1.2902709,3.1959236,3.0812027,2.498911,0.9566726,0.002399636718100193,classical
0.27618143,[172.265625],870.1067104326538,0.035920417714783284,-305.45996,178.5743,-20.148226,34.624836,20.948566,3.3584435,2.696946,6.2527666,1.6931583,-1.2563415,-4.130393,-3.3037705,-4.559884,0.0017340419020337955,classical
0.25434652,[172.265625],988.1102015127984,0.02878931949013158,-429.70294,127.63467,54.522156,44.40151,14.283515,17.290327,5.5754414,5.9302506,-1.0366566,2.237687,-0.83196896,2.1370046,-2.0208101,0.0023250716373669476,classical
0.21121445,[135.99917763],779.2264690036765,0.04919017874419505,-323.04587,194.22665,-8.503204,-22.629335,3.937559,-21.4905,-26.98035,-17.187643,-18.239605,-14.47849,-8.009472,-3.0610738,1.6240255,0.0038203450359008155,classical
0.26353204,[129.19921875],696.5402526100958,0.03881231254837461,-397.38153,185.87546,20.989153,-1.1354793,10.043607,-0.24330999,-4.9755406,-8.054279,-12.620877,-11.942709,-9.653661,-9.102487,-5.7891617,0.004405975448430886,classical
0.23314507,[151.99908088],534.7839912233546,0.03947897518382353,-392.6282,207.11407,40.43311,-5.964771,5.8940763,-2.429437,-14.044547,-12.571851,-9.533882,-9.695868,-7.7907987,-5.3779764,-4.140084,0.003909400100953236,classical
0.2338765,[86.1328125],546.3653918528905,0.03761730843653251,-415.5958,199.87901,51.219254,-1.009173,6.307036,0.9741471,-9.727245,-10.146732,-7.389145,-5.299098,-4.015576,-5.0110674,-6.7210417,0.005086605811575004,classical
0.22933717,[123.046875],1717.027423783684,0.09696691176470588,-357.25854,111.926,-12.871339,34.208473,6.455157,8.322868,-1.6642777,1.921152,2.0386841,-1.4556199,-14.19163,-5.895691,-0.7408563,0.0025002607606399926,classical
0.24411598,[143.5546875],731.4789254005642,0.03775600752225232,-305.28842,167.9591,19.857061,13.7825575,8.976655,2.8813434,5.82517,-2.1778257,-15.515927,-19.677744,-15.826053,-6.87903,-3.2817068,0.004350573662239675,classical
0.18231441,[83.35433468],1598.5750320214763,0.09060905149477554,-254.9766,116.27811,-19.35799,24.550947,11.219066,-6.8392906,-9.549685,-6.4497213,-4.926491,-1.1231576,-16.361904,-9.873563,-6.496399,0.0028541364827517476,classical
0.23071873,[95.703125],529.41864552736,0.03130177595297988,-335.25763,192.97197,29.96176,20.738623,14.974382,3.1247404,2.517345,-0.45818165,-9.71164,-19.646072,-20.540438,-9.51902,-4.8092194,0.00442271049478118,classical
0.22378962,[112.34714674],1112.3502294307661,0.07641790525832043,-433.57828,154.49681,-28.88648,25.197704,6.475025,-2.8440888,-7.1395254,-10.704552,-11.688584,-5.1179333,-5.648542,-2.8498683,-7.158504,0.0019404658660783192,classical
0.2385994,[172.265625],1276.7480892628807,0.06035451032797988,-308.49704,134.2808,-0.8973146,30.748611,-0.89134955,-4.4088326,-6.657623,1.4488199,-9.788288,-1.9557841,-11.443795,-5.8734145,-1.493527,0.001949223493977144,classical
0.2472673,[117.45383523],581.3906483493861,0.04330019168440402,-452.23462,207.63715,28.611494,-6.05569,9.401251,0.3143698,-6.9349303,-7.6601357,-8.020226,-4.9667306,-2.7391112,-2.0863488,-1.7621447,0.003881424054336388,classical
0.25851846,[151.99908088],469.37473767751993,0.023607566998839008,-458.11053,151.33347,77.85965,45.38104,25.844954,11.599752,2.0329914,-6.6783457,-8.979919,-11.197618,-12.918354,-10.284926,-8.454032,0.0037985708465511636,classical
0.248102,[107.66601562],508.10710318580215,0.03243026497194272,-374.4448,170.46916,55.92678,16.29209,6.0418434,3.2906113,4.715943,4.3619103,0.32613218,-5.483418,-7.4197845,-6.573515,-6.079922,0.006731327373068844,classical
0.25559965,[95.703125],637.3849348667076,0.035007724821013934,-279.6151,203.98557,8.536491,-4.227291,20.24424,3.7523463,-4.5666094,-3.801274,-7.215986,-5.5926394,-5.758757,-10.536371,-9.186879,0.003622714165866505,classical
0.2547018,[151.99908088],439.4229189421901,0.025689942917956655,-331.438,156.30089,59.568134,25.369005,18.035118,7.820797,2.800109,-1.2637213,-9.49909,-16.128115,-15.620525,-9.275979,-5.8009896,0.006206792175519389,classical
0.26180673,[112.34714674],1293.5761315867132,0.07393681670859133,-266.59244,146.03233,-38.15342,25.363817,-4.6488466,-13.725369,-18.010279,-13.2278595,-8.442618,-4.362843,-15.371486,-9.331046,-7.9193215,0.0019671345544406364,classical
0.2512347,[107.66601562],816.6468302926779,0.03723862591911765,-346.48447,171.22804,4.5763583,26.02605,13.444269,-10.62081,0.052636467,6.0944633,-5.7726436,-4.817559,-4.078033,-7.3411922,-13.212823,0.002256301183609203,classical
0.48106253,[83.35433468],2987.795999154429,0.15998542714783281,-121.04923,61.679832,0.070122026,31.077618,2.0454578,16.29384,0.14358945,5.705526,-3.4318953,2.135839,-1.0827214,5.7737136,1.5367428,0.007111296912791648,disco
0.3369414,[135.99917763],2138.4378314083397,0.1070273195626935,-140.45155,103.51778,-25.10484,18.036835,-11.139079,2.7694912,-10.309186,-1.804997,-9.147867,-0.6020035,-4.278169,0.46891326,-8.709661,0.004238434132854216,disco
0.38478547,[184.5703125],2400.837187610946,0.0774806350377322,-160.71709,78.318756,27.661,22.127325,5.4195223,9.217659,-2.2912812,2.3574476,5.1973248,9.053734,7.0328765,8.245938,4.284873,0.0058479640530553914,disco
0.47243366,[95.703125],3399.6892486375687,0.16638410349748453,-128.00865,50.629833,41.138615,13.4641905,4.6002445,11.129602,9.749689,19.91978,13.184942,17.294909,7.5957394,2.0665398,-7.0435486,0.007447631657595815,disco
0.3916103,[129.19921875],2578.6273927053135,0.13273729259384676,-136.53531,79.283585,-18.646914,14.838373,-2.3110113,5.320001,1.3227836,1.3288549,-1.3425751,-0.57355756,-6.4900165,0.23646569,-5.8345437,0.002862070884362072,disco
0.3593311,[117.45383523],2956.810852576784,0.13205967008513933,-254.11966,32.1515,-0.7390628,15.590314,12.585427,16.648289,3.957735,0.30572575,-2.4386175,5.148529,4.11223,6.731932,6.8496737,0.008540367283054708,disco
0.5492688,[83.35433468],3187.1601846334293,0.18129142076238391,-63.086372,54.598347,-12.127774,35.10157,-5.8705983,15.104425,3.2657304,4.056483,-1.6439862,7.0587735,-1.752156,2.9760647,-3.9134276,0.005186583186461025,disco
0.34426025,[107.66601562],1779.1284848283465,0.06920895414086688,-160.0492,121.01848,10.551341,22.127165,0.024824018,-1.2298077,-3.0665715,6.4194517,-2.4089925,5.0806327,-7.2285185,-1.4327823,-0.3179431,0.003976558541093519,disco
0.42746142,[103.359375],2634.41488259206,0.10877220697078173,-59.786964,83.1718,11.727511,22.799625,0.75195605,7.7264905,2.976946,5.8770304,-1.9020803,3.7774308,-4.6381097,-1.1395534,-2.800604,0.004220932663093598,disco
0.38109124,[112.34714674],2907.4106478208732,0.14151766278057276,-117.02651,56.2597,-6.385027,36.26448,2.3152592,11.532867,-3.3392973,3.7601352,-2.6156375,-1.056522,-6.8747916,3.793747,-3.8995447,0.00606706214818116,disco
0.39425415,[143.5546875],2887.9350582708444,0.13720551954334365,-75.23258,70.29666,10.786926,28.199757,7.4483986,5.4721847,-3.4889412,10.957208,-1.6814071,2.658061,-0.7226692,7.302063,-1.8696421,0.004096767699604651,disco
0.30825424,[129.19921875],1025.118368633663,0.042937004160216716,-242.75049,161.85797,14.7023,35.330936,13.967746,4.7194633,6.3432875,0.8950415,-2.9369125,-0.37151372,-1.3517331,0.7479799,2.3014407,0.004201995876883838,disco
0.34136438,[89.10290948],2971.330386627935,0.12904192567240713,-202.12212,66.597694,4.782037,18.04292,1.04965,7.165946,-6.070889,-0.902631,-7.014301,-0.42162934,-7.2561617,-3.5057476,-6.1342373,0.0038547671092351533,disco
0.49487063,[135.99917763],2759.4551789192274,0.1167075331366099,-114.010086,73.3175,13.627225,21.38583,-0.2961538,8.17036,0.2919187,6.0060635,-2.4164371,2.6002436,-3.7360485,1.9264984,0.7082088,0.0044466783149507035,disco
0.41091597,[123.046875],2673.5065058488276,0.152718653250774,-42.528957,71.10832,-20.375849,40.693638,-1.486717,5.7209334,3.2567883,9.476097,-3.2291467,0.9261063,-6.427538,1.5770577,-3.9736502,0.0035525593082739934,disco
0.47834837,[129.19921875],3022.6147600177565,0.16869966016834365,-56.451485,60.921886,-19.646244,27.523277,2.4857893,9.698612,-5.672615,12.968668,-2.1625347,9.790321,1.1728488,3.1090422,-2.804739,0.004897556852066683,disco
0.29690877,[129.19921875],2516.1500398333483,0.09415627116389319,-172.54552,79.1064,3.9323225,35.161964,-5.4368415,7.3242073,-1.1899905,-3.1039727,-4.527441,-3.8408992,-6.506618,-2.2206316,-7.969467,0.0052003150367321985,disco
0.38987383,[112.34714674],2343.5699513535615,0.14957694889222137,-183.2556,85.27923,-57.6096,12.713191,-3.4074721,6.429335,-7.042083,-0.17562385,-6.093866,-0.47078475,-9.348846,-2.989692,-5.1052284,0.004943313121089155,disco
0.3973587,[117.45383523],2660.1762550273756,0.12140213815789473,-116.42299,66.26578,9.853558,35.45241,11.035861,18.40068,0.46987715,5.560442,-1.2383516,6.458921,-2.9285128,1.4805728,-6.19282,0.0048196867792429186,disco
0.4513671,[107.66601562],2877.2394383921464,0.15824431900638544,-179.47385,65.77371,-20.244951,18.397823,4.366684,6.01581,-2.170068,5.6655,-1.0546479,7.0472174,-4.114312,0.9467602,-2.6752932,0.005136391034228026,disco
0.44557777,[117.45383523],2298.1112240567795,0.09652545382318953,-111.09919,94.025856,12.438059,16.629438,8.1260395,15.663839,-1.4103329,7.014441,0.9597832,-1.4994509,-3.0789328,-5.098986,-3.715649,0.004553274222782634,disco
0.41056672,[117.45383523],3292.704549878069,0.1885523173483103,-29.0431,51.860497,-7.5676084,21.507437,8.141378,18.118086,6.8945746,6.569047,0.7113645,11.159763,-1.816327,1.63559,-2.59119,0.0028096387866254372,disco
0.41199332,[92.28515625],3592.2181145867817,0.153338438950116,-53.1693,57.173717,21.160828,11.305263,18.118341,1.6628118,0.3451027,2.3239794,-5.1052694,2.747911,3.1522436,-5.5144777,-3.1615028,0.0033570440522701886,disco
0.4951672,[129.19921875],3045.783197240785,0.1495607339559387,-44.433094,52.32051,3.242855,43.93931,12.584174,24.506044,4.923503,15.30651,2.041092,10.386366,-1.4623228,8.834608,0.4166824,0.0033894040047846097,disco
0.38212395,[123.046875],3328.4809117165955,0.16901441959106728,-83.55509,64.49134,5.6444163,2.70193,0.78633994,6.1651754,1.8841151,1.9749736,-1.8108131,1.8658113,2.4624798,-0.22272581,2.9572232,0.003263117259446029,disco
0.44803378,[107.66601562],2722.8382056047735,0.1446281579262452,-24.816133,73.69842,-11.7444935,28.304634,6.2917438,2.1907132,8.419229,12.195894,-4.057585,13.498219,1.8683927,-0.9259459,0.5338901,0.003020564235818302,disco
0.47404167,[123.046875],2848.395241985928,0.16364521401295437,-14.574817,65.19933,-19.888517,31.502684,-4.814699,11.8655615,9.996404,5.9602337,-3.8007708,9.38057,-4.387615,3.3392262,-4.4454346,0.0028537259463675183,disco
0.43158323,[129.19921875],3099.082005849926,0.1402915488447409,-53.432594,56.165604,-6.337501,31.602524,4.648096,16.339651,4.1082096,1.8778182,-0.38534993,2.4980185,-0.5452888,0.96003777,0.49098662,0.0037534959557420297,disco
0.45429057,[123.046875],2801.719944106093,0.1643124669216705,-32.569878,65.03629,-26.761168,30.300564,5.697337,11.660783,-2.227687,10.421782,-2.373412,5.365474,-3.8786147,-0.8631799,-0.21064341,0.003233664685103438,disco
0.44217622,[129.19921875],3016.9654959671584,0.1706677028953983,-68.92688,63.117622,-15.855327,28.002327,8.173502,7.323385,-4.9316792,9.490028,-0.974049,-1.5963366,-6.184394,-3.9365966,-1.1669567,0.00432718043875755,disco
0.4376821,[107.66601562],2877.4074655436298,0.15030263619006187,-6.7652006,61.12942,-16.672161,27.438726,7.734437,16.013573,4.646263,11.44598,0.34369332,9.835787,3.1894264,5.0318027,-1.8564004,0.002783275116005655,disco
0.3735347,[95.703125],3132.9752097469195,0.1309711547757154,-41.31514,62.78868,7.3239293,12.122528,6.358506,9.253,3.064216,13.849786,0.15274541,8.056879,-2.6997385,-7.2205544,-3.241377,0.0033109574999030254,disco
0.42836955,[112.34714674],2737.358914673473,0.1314991138599537,-57.955585,68.42821,-15.226618,23.4141,14.886023,13.217155,2.1807866,12.793449,0.0489805,12.763609,0.007023682,3.38002,0.8436664,0.0034989205953742312,disco
0.42159122,[184.5703125],3391.3650850232443,0.1595289992991106,-40.076855,56.219803,23.692863,31.93953,2.454801,2.5702763,-2.4864342,3.1007562,1.8817091,3.3470368,-0.00181484,-1.5163457,-2.451519,0.003479723468606143,disco
0.43621337,[103.359375],3087.483970853388,0.156306688999613,-23.927662,61.220757,-0.9586992,25.331013,0.39423466,6.0302544,2.4890816,6.189192,-0.32926697,9.696876,-5.5078354,1.061818,-2.4369648,0.002954177917613872,disco
0.41476554,[123.046875],2362.4116318966007,0.09022704889307812,-46.762787,103.70078,22.12663,9.223701,2.2584798,-4.7948833,4.7989955,0.9515378,-9.411774,-1.0667286,-0.8673272,-5.279599,-1.7630391,0.004089208474367778,disco
0.4351562,[123.046875],2520.434661747475,0.11424808429118774,-35.856197,83.80528,-2.9019706,32.213963,9.144426,4.18242,0.13708669,11.094396,-2.8947356,7.9954515,0.62894285,3.6732092,3.7831783,0.003312508171720398,disco
0.4045441,[123.046875],2564.2888412274115,0.12072102486948956,-98.18701,92.406166,2.659,19.365164,3.5725617,-1.7528336,-1.7048805,-3.1811252,-9.103381,-4.084536,-5.1873956,-5.4817677,-4.233032,0.003988485611244906,disco
0.37013212,[123.046875],3043.1123946763596,0.14358338771268367,-73.086945,71.74661,12.055069,1.4190236,4.5368185,10.854836,3.8677087,0.938452,-5.9773855,9.039347,-2.3677554,3.5528102,-0.14295743,0.004896892224108386,disco
0.44504824,[117.45383523],2117.6008935704253,0.10365534971964424,-95.04604,109.33905,-30.173485,16.371214,20.04151,11.963911,3.490323,6.1774545,5.204813,8.618461,0.3315828,0.38170958,0.5376681,0.005364563717703813,disco
0.34255823,[161.49902344],2116.937132007475,0.10326298760150812,-104.13797,105.87117,-14.32759,36.710423,-10.330668,16.791773,-6.818429,8.1312,-4.46437,0.9813637,-10.006949,0.375473,-1.7045553,0.0033706651581416214,disco
0.40129316,[107.66601562],3248.710113626103,0.12404534029389018,-115.077194,70.42093,31.231396,11.171844,13.070835,3.8785791,1.8067201,4.9745398,-1.0353943,3.9286358,-1.2870673,-0.6889938,-1.0698988,0.004039176235688841,disco
0.4353897,[123.046875],3708.1110849955126,0.17288668249709976,-71.953896,46.87051,21.02663,29.955154,9.50348,2.398713,8.242609,2.5120273,-2.1593828,0.44539666,-0.22787966,-1.5480236,-3.60627,0.003660341286579928,disco
0.43539393,[112.34714674],3167.5553238891907,0.15097822409126063,-32.176426,60.042603,3.3742273,18.975922,4.3331447,0.688965,-2.0220764,1.329652,-4.6426954,3.790977,-6.739723,-4.8872533,-2.336693,0.004342933090642668,disco
0.37273753,[129.19921875],2624.814629146055,0.12021650534126063,-69.63065,83.07227,-16.599928,0.118371196,7.4206076,0.770008,1.337478,4.6957984,-1.4168245,3.3194354,-2.8782651,-8.20215,-5.767511,0.003412316273447218,disco
0.35795805,[123.046875],2410.17299144527,0.09966035564095127,-124.16993,90.155014,-11.328686,10.931417,-1.1485722,-3.7591834,-0.85792863,-3.8354802,-3.7047462,-0.25987902,-5.8160195,-3.4383402,-4.632643,0.004931116535000133,disco
0.40120935,[117.45383523],3043.44261890053,0.13159576203596288,-68.05401,66.35393,11.858419,21.977438,9.757756,6.6893187,1.5989807,3.808797,0.95074666,4.7707677,-4.210415,-0.06348854,-1.2341598,0.0039037872622286417,disco
0.48542,[112.34714674],2908.67464508436,0.10118297745069606,-155.67004,60.623177,23.156448,31.176702,25.046492,16.90212,9.445917,8.451037,5.319857,6.555652,5.769587,3.9236524,7.5681047,0.00414038646374846,disco
0.4831137,[123.046875],3715.1863608882204,0.19837511480085074,-20.4939,53.692123,5.9808583,10.135651,17.066591,9.531477,4.6186805,6.3997,-0.33616525,1.728475,3.6760638,-0.7774312,-5.8819685,0.0034306565142899837,disco
0.38404918,[103.359375],3075.0244878578837,0.13853592662412992,-58.975624,68.86752,-8.4672365,3.615686,5.068393,3.2651877,13.515075,-1.3705544,1.6674578,3.7045982,-3.7095897,-0.32859462,-2.8358054,0.00334313499173651,disco
0.4501192,[135.99917763],3167.957019535548,0.15077543443058777,-40.752613,63.94863,4.9002733,16.338194,12.109656,9.335104,4.537441,5.185624,-0.590275,-0.08554639,2.94747,-1.4827536,-1.7634141,0.003458081820880165,disco
0.4171802,[123.046875],3256.824592073175,0.17375184285576178,-66.57301,58.33059,-8.167375,15.471976,5.5654945,7.6850796,4.063464,-3.5938892,-1.3324877,1.6080923,-5.481993,-3.7419508,-3.2483392,0.003640447890150958,disco
0.3684095,[112.34714674],2446.973203805007,0.12325117519818252,-123.33121,86.98849,-22.510225,6.942469,8.465196,12.644245,-0.8552823,-0.8346987,-3.2606728,2.6243713,-0.77050847,-0.41433403,-3.8346293,0.005431408420926449,disco
0.39188674,[129.19921875],2450.056640885936,0.1244871725154679,-57.81615,86.559784,-11.807115,38.770008,2.3708022,8.82681,-1.2821877,9.910632,-1.6604491,9.840833,3.008505,7.504814,1.7077206,0.0035170611565671014,disco
0.3576883,[129.19921875],3653.6600399416443,0.18081285044470224,-65.7685,52.818344,16.573313,12.561863,5.6153107,8.380825,-0.62042105,-0.61569375,-4.0818486,0.68219966,-7.784731,-1.8936242,-7.254853,0.0025378618054747305,disco
0.4025388,[123.046875],3623.47282265526,0.17633637253480278,-51.76516,55.671803,11.406057,7.478552,12.002954,6.2611246,4.352581,4.310239,-5.940638,0.56399125,3.5921662,-2.3924637,-5.827445,0.00344146003216009,disco
0.4347791,[135.99917763],3347.8914159725437,0.16203007178074247,-23.554235,57.342735,6.998448,16.543451,5.511961,11.862946,1.6884781,5.4613194,2.7518313,7.33802,1.9618068,1.2653592,-2.344999,0.00372527277520945,disco
0.45445886,[129.19921875],3637.157091722293,0.19001126860982212,-26.572124,52.05681,4.1798263,12.867351,16.744804,10.1250925,4.477274,6.3274975,1.1676531,0.65146893,4.6326404,2.135598,-3.3680081,0.0033181240790019708,disco
0.3706023,[123.046875],3353.4041591983114,0.16820212804524362,-77.44353,52.192024,-9.003063,12.85945,8.564754,2.8909404,8.93061,4.0074053,-7.3485837,-2.2597075,0.9599889,-1.0451938,-3.765717,0.003112860959690653,disco
0.34106073,[112.34714674],2328.0941748431023,0.10115843121616395,-107.419014,91.06335,-8.360448,34.299168,-1.9180144,3.7762592,10.525865,5.5680933,6.945284,4.772103,0.68487173,-3.846765,-2.577472,0.0037106654194839998,disco
0.42082044,[135.99917763],2606.2991274506444,0.1264267026778809,-78.310104,80.05325,-9.145553,25.454119,-3.38754,16.801464,7.2613983,1.8166611,0.48763216,6.3167953,1.4947494,2.1649706,0.6583118,0.003950852891326024,disco
0.35568023,[161.49902344],1776.2078695953194,0.05384424243522815,-122.0258,116.833405,28.316168,24.712555,10.907239,-1.8973352,-1.3955237,-0.95011127,-3.5476987,-2.620153,-1.1254318,-4.189509,-2.5425725,0.004652885461670344,disco
0.39404586,[103.359375],2403.5943006159314,0.12164094221287702,-62.335667,92.05891,-19.73222,17.626944,-3.195096,5.4077826,-4.0143547,8.878788,-2.5088322,3.154782,-0.5376992,-1.5001122,1.2933992,0.00352152020417623,disco
0.4201968,[129.19921875],2875.4360880726217,0.1347388129592034,-62.772682,77.844574,3.5485418,26.009861,5.935958,11.293566,11.112388,-1.9588369,1.8317076,9.176684,4.0686727,0.9862056,5.6128936,0.003978854971672628,disco
0.36688584,[123.046875],2330.184617913994,0.10958987396075019,-71.29618,97.73015,-18.382887,8.58388,5.191988,-0.9440428,0.4582461,1.6218204,-4.783834,0.061743174,-0.5539029,-4.458565,-5.319331,0.004080539639754814,disco
0.40729585,[123.046875],2248.03051014649,0.10971902491782676,-81.30502,106.47955,-9.540607,17.966782,3.0102844,8.300962,3.889344,4.250727,-3.7409382,-2.0746686,-2.2095342,-4.5908613,-1.1636227,0.003920421350567348,disco
0.37654734,[123.046875],2259.6134225197134,0.11419814626836813,-125.7326,101.78745,-17.478825,33.670853,-15.239169,23.698206,-8.662551,18.543148,-14.054488,19.967379,-15.139362,12.968243,-14.305062,0.003998584009292875,disco
0.2205651,[123.046875],1710.975033885531,0.08700922636310905,-280.8543,120.81254,-37.62976,28.712122,-10.775235,-6.4053197,-13.794428,-4.07455,-14.849012,4.7964478,-20.164259,-5.091476,-6.790002,0.0021281683377650006,disco
0.4097578,[99.38401442],2617.495747563951,0.15433765951276102,-105.02221,80.18619,-41.07682,54.00217,-8.363626,25.715185,-12.457802,28.7062,-15.013625,15.607914,-7.6197186,12.427018,-7.360461,0.0035968162866861953,disco
0.42124674,[123.046875],2396.9886992287784,0.13527580904389017,-45.15996,98.66788,-24.665955,40.495197,-18.095556,26.117126,-12.685222,13.979276,-15.417927,16.17709,-14.375685,8.136641,-11.938592,0.004428083260568816,disco
0.45113242,[107.66601562],2376.0247896611013,0.12873971323955916,-45.837555,101.74323,-32.09262,34.283173,-17.53784,32.31909,-15.645128,22.037209,-16.113321,18.675735,-13.077868,16.480183,-9.910721,0.003252746909489447,disco
0.46042803,[107.66601562],2650.733012326573,0.15762987601508122,-77.267006,89.39314,-34.23403,38.691704,-22.262562,31.242887,-16.381735,22.33546,-16.01921,19.276945,-13.239378,16.7234,-10.390649,0.003553644028414858,disco
0.416339,[123.046875],2590.895265318272,0.16977497522718485,-70.546455,90.50209,-48.061337,36.66895,-17.68213,21.58345,-30.1917,24.033106,-20.452553,14.475555,-18.49691,9.121702,-12.047788,0.002995091730352229,disco
0.46783412,[135.99917763],3078.4715203424153,0.15421266253383603,-108.56484,69.97128,14.885138,45.513443,-5.3743443,41.795094,-13.517867,32.5666,-20.381012,23.436947,-12.128746,18.002754,-9.027057,0.004983098205516989,disco
0.4013173,[112.34714674],2565.721387688884,0.11460297032095901,-226.30965,78.28395,7.82392,53.82357,-1.13629,11.3054,-7.822295,24.358282,-14.937524,18.476454,-19.132421,6.134009,-10.059035,0.003768460764224375,disco
0.4631642,[129.19921875],2108.2221109107227,0.11039008120649652,-103.10111,107.495964,-33.53895,52.786156,-9.130404,30.337116,-9.325207,23.037298,-11.889161,18.169134,-7.546332,9.400739,-5.4251604,0.0038720661496149337,disco
0.35841092,[89.10290948],1755.0626026809584,0.07692752138921113,-182.81172,124.19493,-10.053612,41.57794,-7.377843,26.939072,-12.35473,19.813566,-16.044252,16.194204,-10.250695,3.1294544,-8.979432,0.003990661170207747,disco
0.3701102,[117.45383523],1937.51088284663,0.0924305454853055,-143.2467,122.61794,-23.91729,28.138706,-23.6903,23.092947,-17.904812,18.74588,-18.637712,18.351133,-13.917981,9.725552,-12.233235,0.004126953191006061,disco
0.41731998,[129.19921875],2218.099825491157,0.11094558137567673,-109.57256,104.138245,-16.223967,45.349792,-10.189363,25.546947,-17.156565,22.264034,-16.84386,16.527622,-12.082589,8.661934,-8.848724,0.004305922064336955,disco
0.40379235,[123.046875],2280.0273192565046,0.11017558488012374,-109.0909,106.83238,-18.271952,23.419096,-17.746166,19.014435,-13.604414,18.686167,-18.363712,18.390692,-9.709161,11.85656,-5.552552,0.005158240058853407,disco
0.43490428,[129.19921875],1974.5076873650016,0.09297320608565351,-121.1838,116.97426,-22.78105,45.153744,-4.218045,30.24878,-12.239501,21.706038,-16.536747,16.226423,-10.650368,7.3293166,-9.34128,0.004173389405583606,disco
0.3233035,[123.046875],2549.269756774819,0.11583368075696056,-91.98377,87.6401,-2.0667956,34.27815,-18.12457,19.34566,-14.665754,17.112078,-15.336202,17.028185,-13.534051,11.835089,-9.81468,0.004540513335989652,disco
0.42698523,[107.66601562],2387.679352105525,0.12762833526682135,-107.9877,81.93319,-30.605755,41.328526,-8.496704,31.341997,-8.859783,26.03168,-8.266655,17.888088,-4.6463256,7.4250402,-4.354049,0.004275912156529366,disco
0.54808533,[129.19921875],2583.5803998593105,0.0997170007975638,-51.742363,70.33154,-3.8982093,49.74502,1.5872374,35.711365,-4.094437,24.790552,-9.71473,22.046331,-6.11539,17.181833,-2.779346,0.004261796542727354,disco
0.38833553,[123.046875],2144.8670789271628,0.0648764531370843,-189.154,93.94434,7.849922,41.894196,-7.1112595,31.876928,-12.5919695,24.209433,-6.070887,24.529634,-6.031069,16.755129,-2.0233445,0.005925899408548686,disco
0.47089672,[129.19921875],1887.0062144326305,0.07361868897428461,-106.294304,105.61095,-5.504287,50.051487,1.250189,36.981842,-9.61505,23.992409,-8.664799,14.959678,-2.5357456,9.751112,-0.92519593,0.004286690176117223,disco
0.4507588,[135.99917763],2492.5900128312974,0.13856991371809746,-57.611416,96.703575,-24.457253,39.99736,-17.280684,27.833838,-13.284011,23.197868,-16.52066,19.428204,-15.479724,11.827778,-10.570341,0.004015240981213454,disco
0.36492804,[99.38401442],2541.8943744344933,0.14323520881670534,-103.8082,92.46262,-27.213505,39.22121,-23.041712,20.625483,-17.76918,18.95148,-15.207714,16.388752,-14.656909,12.241646,-14.979623,0.003053226590789953,disco
0.41615787,[107.66601562],2956.079112286355,0.1626135168938515,-93.35664,77.85465,-8.789851,42.06367,-11.246891,24.241188,-17.913877,22.249002,-16.031782,16.69252,-15.664026,15.410893,-18.117002,0.003290850878953674,disco
0.38936836,[107.66601562],1931.0406859349837,0.0836037195475638,-118.40577,114.235756,-6.7641063,37.393322,-17.423431,28.37048,-23.71712,9.281445,-10.434624,12.624007,-5.1411767,12.252358,-3.8654878,0.0028060953757682323,disco
0.4555278,[107.66601562],2449.2386358180383,0.13458360523008508,-81.76208,97.613686,-27.614212,36.65628,-17.259203,30.749075,-15.952651,20.968424,-16.221739,17.413183,-13.369761,15.0927725,-10.377819,0.0035564389351222634,disco
0.4355713,[112.34714674],2809.0680167308506,0.155900310566512,-105.534485,79.2504,-15.200756,40.806816,-12.249134,23.534966,-19.939602,27.30581,-16.492477,21.520199,-11.67163,13.985746,-10.76467,0.0032778565100408563,disco
0.4342932,[135.99917763],2902.9084645115763,0.18406730350928074,-128.43967,67.26243,-36.92178,40.891,-21.749369,23.135218,-13.251678,13.081553,-14.004083,17.787027,-15.169231,16.377792,-10.453286,0.004209646594587576,disco
0.44633502,[112.34714674],2847.3774256059246,0.17634505812548337,-95.26957,82.22649,-26.235989,37.510376,-16.362791,25.28815,-21.807663,21.805656,-20.065622,16.303896,-16.12241,14.430956,-11.909069,0.004006682648820792,disco
0.40280697,[112.34714674],2648.809544128405,0.15107338795436967,-40.81154,86.80334,-26.940329,34.94428,-20.044638,21.66503,-23.949266,19.2741,-17.52948,18.05118,-16.0186,12.443823,-13.879082,0.003400705312982559,disco
0.42920202,[135.99917763],2690.503166212552,0.12989565206883216,-91.738495,86.314156,-17.3545,43.086975,-18.393627,34.048004,-18.388496,26.830929,-13.561455,20.203468,-14.606949,12.665814,-12.592617,0.0031280914055453646,disco
0.35318205,[129.19921875],2251.7610160342965,0.12186072542053364,-95.91633,103.34938,-36.49247,27.0972,-22.864882,9.97551,-24.651752,15.6494255,-20.1475,18.732792,-18.555283,9.852911,-15.085712,0.0032587574607600128,disco
0.41573876,[117.45383523],2309.274600517877,0.11758099502126837,-56.88446,97.001236,-17.859026,44.92799,-6.9238253,23.798044,-23.31005,25.989113,-10.4754715,10.442651,-15.224969,10.02523,-9.1656065,0.003659400984317536,disco
0.33193442,[129.19921875],2218.89166415782,0.09612456496519721,-182.10767,103.43044,-18.188179,31.197874,-12.529232,18.83884,-12.868975,19.372463,-17.702715,18.49203,-14.3258095,11.538478,-11.629478,0.003882898875911151,disco
0.4529953,[123.046875],2292.343238495662,0.09976307219160867,-154.65105,97.93247,-10.3476305,39.127403,-11.209807,24.103395,-11.851627,24.192099,-13.451448,20.55775,-8.3087,5.8849826,-9.684563,0.004884050987247761,disco
0.3887272,[99.38401442],2144.4212945283607,0.08474190956109823,-219.4053,94.67405,12.12384,48.86188,-7.2065644,16.64001,-15.078675,21.71575,-19.993557,13.237187,-15.69585,5.0565505,-15.275193,0.004719624074555163,disco
0.35849315,[86.1328125],2292.7794270588483,0.11640202049497293,-193.1521,89.18025,-19.990849,38.738586,-2.7211244,17.049927,-7.942614,16.082537,-16.751808,7.717519,-15.705438,9.01895,-11.315525,0.005296857129235332,disco
0.42271745,[123.046875],2577.207725556345,0.1381975662219644,-63.611023,94.46296,-13.432528,32.754234,-13.734656,26.77005,-19.403435,24.649286,-11.669471,13.728638,-9.449255,8.831939,-4.98481,0.004310419274735245,disco
0.4141832,[117.45383523],1959.0741388861084,0.08998536289153132,-167.48877,112.50459,-4.57863,37.091393,-8.612248,27.814657,-14.70463,18.51487,-16.473206,13.755432,-13.324283,10.204631,-11.572749,0.004087663982111128,disco
0.5036078,[112.34714674],2455.2491577692717,0.15141816814095127,-197.21649,83.3477,-38.580997,43.675888,-7.3024435,25.634619,-8.659459,13.366769,-12.161141,12.144545,-12.045273,10.619484,-2.3993301,0.006500986518401045,disco
0.5680954,[123.046875],3004.2823843648275,0.1586842311968291,-166.88416,67.67795,11.208783,37.441822,-10.936878,27.39581,-18.942213,27.296139,-15.84909,20.541365,-8.619039,14.184042,-6.046257,0.004442848910016346,disco
0.39516932,[123.046875],1867.9449473321624,0.09446561714520495,-95.78374,122.07248,-29.341267,50.330864,-11.952024,28.39348,-7.055488,11.860459,-8.614768,11.576042,-18.401043,6.876074,-11.656873,0.0036065285232146443,disco
0.38466448,[107.66601562],2139.9275394701563,0.1002388915071539,-100.28072,109.986755,-26.644407,36.837772,-10.409534,28.786537,-14.84601,21.287558,-19.685312,18.507954,-16.396866,9.154231,-13.790873,0.003119976460960489,disco
0.39797434,[123.046875],2238.5348872355758,0.13140618957849962,-97.904755,101.02156,-40.56285,51.033695,-11.7087,25.062588,-14.040237,17.196808,-9.614368,16.974564,-7.166898,11.722058,-5.7177386,0.003072892107389033,disco
0.42975032,[129.19921875],2128.9326621445252,0.11182509184068058,-114.935326,113.476944,-29.819769,42.611168,-10.305927,26.97817,-14.481592,21.235638,-17.643866,17.091944,-13.474372,8.586036,-11.412158,0.003928402675991713,disco
0.48534542,[129.19921875],2574.4596642775045,0.14611353804137664,-125.691124,88.54062,-16.764915,42.78476,-9.905494,29.165888,-19.357843,20.46263,-16.48972,15.013229,-8.7628,12.773269,-7.7579846,0.003843898130164544,disco
0.41658926,[99.38401442],2038.0233320076643,0.09160579200502707,-116.882385,98.47116,-18.994415,44.840286,3.8026059,28.490915,-1.1055838,14.694503,-7.7551026,9.754843,-10.107707,6.374911,-3.9110441,0.006203032734556324,disco
0.37081537,[117.45383523],2457.2908366769266,0.11746997051430781,-123.83839,89.85542,-1.8465987,51.16645,-16.249851,28.27051,-12.485133,19.029924,-13.273392,18.4808,-13.773316,12.865,-8.755854,0.004004010721514617,disco
0.40822446,[107.66601562],2460.976249719336,0.13702236803944315,-86.06048,87.53962,-20.164946,53.994804,-1.0499108,19.554422,-4.0692763,21.03328,-19.54656,12.379771,-22.007032,9.582276,-15.912197,0.004047343921525945,disco
0.4170991,[135.99917763],2207.5083642922987,0.09355627356438515,-130.04454,102.52376,-4.4473805,50.05028,-15.527548,32.12771,-18.167599,24.282225,-11.898269,13.758483,-12.887311,7.271593,-9.363437,0.0037496216024587433,disco
0.4680445,[123.046875],2487.3290420447815,0.11803151283352668,-159.87213,81.97704,-16.80941,52.474285,-4.483215,22.819843,-8.224292,23.363256,-5.5141973,17.69528,-15.364145,10.800621,-13.514515,0.004466592783746808,disco
0.4166197,[103.359375],2481.7391882072347,0.13436042331303172,-133.85442,93.47158,-24.21527,61.422466,-22.842375,30.967571,-14.948222,20.224098,-9.285205,15.77714,-8.730885,11.959778,-5.31978,0.003706397621999595,disco
0.41497517,[129.19921875],2825.987251028338,0.12045063865525908,-116.93205,75.749084,-4.221549,37.290447,-5.3265276,31.37679,-12.156291,22.918865,-11.431438,14.620312,-13.048337,13.391821,-13.21757,0.0045487758127672,disco
0.44101816,[123.046875],2418.030526971729,0.11256940919856923,-91.60158,99.44184,-8.968849,40.157185,-18.011234,22.539673,-21.947449,15.766949,-25.639265,17.657349,-13.664313,15.622417,-15.459026,0.003795161222878086,disco
0.44101816,[123.046875],2418.030526971729,0.11256940919856923,-91.60158,99.44184,-8.968849,40.157185,-18.011234,22.539673,-21.947449,15.766949,-25.639265,17.657349,-13.664313,15.622417,-15.459026,0.003795161222878086,disco
0.37738645,[129.19921875],2781.279068463687,0.14078183956559598,-96.124054,69.98994,-14.658818,17.252176,-6.468188,0.6255952,-10.494988,-2.3998253,-11.524253,-2.2338235,-8.107103,-1.0749582,-4.321354,0.004541253569224339,disco
0.36093658,[172.265625],2791.4310164618323,0.14871754365808823,-133.69865,65.46557,-17.587029,30.881386,-12.862193,4.579851,-13.387595,-2.9992533,-9.711321,3.3310883,0.67415804,5.5682945,-0.7177485,0.004361904835029062,disco
0.37560317,[112.34714674],1524.885696004842,0.06511033946884674,-236.79155,137.66039,-5.576479,15.506517,3.0388827,9.445182,-9.354574,3.7017925,-0.5544488,0.88203454,-2.397953,-1.5019631,-4.604953,0.004958804500676516,disco
0.2721725,[135.99917763],2218.152460009606,0.1089490766495743,-152.77435,84.655205,-46.03314,13.252757,-18.373486,-0.84771854,0.406975,-2.0711913,-10.879262,6.5193815,-8.91248,-2.322044,-2.2034132,0.004392636778802181,disco
0.4992092,[129.19921875],2361.711760425084,0.10108064350328948,-263.2886,83.577896,18.949316,27.31929,15.599374,13.140867,7.1512585,9.04707,6.339944,5.610708,0.6603474,4.915455,-0.33819494,0.005982672132139428,disco
0.4009027,[123.046875],2415.925383702082,0.10301562802341331,-107.09138,85.35049,-6.8339534,22.766958,-0.084428065,10.602668,-3.8973725,1.7776366,-0.8292193,3.6991127,-3.8164668,1.5406388,-3.546443,0.0037525072867582777,disco
0.4243099,[129.19921875],1836.818005287854,0.0841461276122291,-133.83784,120.06544,-0.92008984,30.974579,2.6484926,4.2448354,-4.2902136,-1.3124403,0.8141242,5.384617,1.565752,3.5088148,-1.3839241,0.004528386519387266,disco
0.2922484,[184.5703125],1891.022456311537,0.08258264500290248,-117.45381,116.2251,-1.8154399,22.643055,1.361402,1.6472969,-5.173882,4.1682687,-5.4183064,1.6212287,-5.427397,-2.3509595,-4.684184,0.0028159929859459566,disco
0.2956815,[99.38401442],2811.933807967478,0.16036070832527088,-185.1898,62.015137,-38.667236,1.0187465,6.9824233,-10.269157,-6.5168047,-6.894124,-13.697433,8.200533,-12.646355,-3.5884092,2.5015812,0.0033214236721680625,disco
0.36628968,[117.45383523],2604.5898210780283,0.12564474288893188,-100.06406,78.76503,19.851845,22.186012,5.964535,10.933104,-0.9068876,7.408925,2.1080837,5.4731727,0.19840272,2.724006,-5.2371836,0.004704129562675831,disco
0.38712558,[123.046875],2424.3397981815065,0.06818968592782508,-84.53304,82.78212,28.235857,27.821241,10.280472,15.888403,-0.7829092,5.0515666,-0.8431367,3.6249025,-2.087954,3.444235,1.3395046,0.006072959634273665,disco
0.4648066,[123.046875],2999.2386315308718,0.19172257461784056,-184.81973,49.35791,-40.53122,20.926731,-3.262399,0.8934846,-3.5470648,8.702087,-0.72321427,2.0650322,-4.983184,2.0958362,-5.1614943,0.005217948541758685,disco
0.36218432,[95.703125],1763.3163724891285,0.07110954733455882,-130.2321,111.71372,-1.1418442,35.682667,3.256084,8.652692,-1.1315538,7.0541525,-6.034853,0.916389,-6.150875,-0.78990567,-0.25505218,0.003190042355039641,disco
0.4763703,[112.34714674],3253.8617296598104,0.19361636513157895,-158.859,53.095684,-10.796251,10.792772,-0.63330114,3.1653745,-2.100539,4.9877644,-3.7642918,2.5820305,-6.3362865,3.0844686,-3.127317,0.0061601841279295706,disco
0.40841863,[129.19921875],2370.8078758302995,0.11009457236842106,-87.246574,82.50491,-10.203677,37.182953,-0.1734132,16.627531,-0.8838906,3.6096678,0.11073965,1.7832499,-1.4354368,4.9752226,0.5247633,0.0048588639250434435,disco
0.4421242,[107.66601562],2700.657000650881,0.14306867380998453,-178.03323,81.79759,-0.5240596,33.257004,0.15912603,12.171057,5.926739,5.1776724,2.5978456,5.999356,-1.8650964,2.9913764,-4.0429654,0.00584051365635663,disco
0.3534468,[107.66601562],2607.375297861279,0.09064382074787151,-305.24515,86.47196,52.598877,16.048191,6.886427,7.95627,-2.9674716,5.3136573,-1.7327707,4.9758554,-3.5215232,0.52076197,-3.7842515,0.005075418634802391,disco
0.43236017,[135.99917763],2684.934301508435,0.13448936060855263,-215.51892,75.53031,-1.1569417,22.554697,-5.309103,3.1316671,-9.97565,8.070255,-1.3040942,3.573376,0.23963669,4.2298393,0.44519752,0.005468161011346164,disco
0.41263002,[95.703125],2596.07543674599,0.10720078790150929,-182.1725,75.087715,20.577679,23.638416,12.141591,11.517088,-2.5553463,12.424797,-1.083096,6.7604747,-2.7517362,5.691197,-3.3313978,0.005838957311763674,disco
0.42630064,[129.19921875],3471.4442566151697,0.17254128470878483,-110.47954,33.060234,-13.329774,8.255049,0.16904905,12.768497,0.69488734,8.491856,-6.138533,7.0997562,-0.994087,2.6067336,-2.9633636,0.0056413070723240095,disco
0.43052056,[112.34714674],2342.3994230337667,0.10020385364260836,-173.10612,99.11639,15.738777,12.207365,5.0375905,9.133362,0.7886363,3.6051776,2.9287214,2.2194948,0.1352713,2.251868,-1.9294853,0.005269390811108868,disco
0.45174608,[117.45383523],2843.266498108199,0.10115547298277863,-265.76068,58.11345,64.00298,36.49093,23.44343,19.84389,11.504302,9.642135,7.954918,9.261457,0.23994967,2.0022576,-1.4880164,0.008040832003826996,disco
0.4673687,[117.45383523],2161.611428180337,0.11947660180437307,-247.11116,112.50075,-12.484424,-0.8674226,-2.1897535,6.256943,-1.4319161,3.413327,-2.7075305,1.218808,-4.6513615,6.0631447,-3.4967666,0.0032261643685266273,disco
0.3443395,[107.66601562],2899.881952646211,0.12817345019833593,-70.80867,62.143684,-0.6564129,34.3558,2.6028337,12.602741,0.6650112,2.599732,-8.800565,1.9930632,0.16328086,5.808856,1.6705806,0.004890996693061564,disco
0.43872705,[117.45383523],2705.557854138094,0.13418512964396284,-204.5527,65.01176,-5.770554,32.9662,4.360544,6.9958653,-3.6392584,-1.7092185,-7.8900485,-2.0990994,-7.4413276,0.9257654,-5.6045995,0.006169394431586842,disco
0.49623144,[123.046875],3630.53629402513,0.20350746178405574,-99.36155,29.034307,7.816379,30.46583,3.7022376,11.037756,-1.2350088,11.8404255,2.478294,2.019473,-7.9138412,1.494371,-8.888736,0.005613709410688614,disco
0.3509612,[99.38401442],3568.6290700799,0.16155684621710525,-66.2525,44.92156,10.488409,13.579933,0.8774053,4.063645,-4.510129,1.550361,-3.4218984,2.3116796,-1.0211362,3.7108996,-0.8915669,0.004605314650328851,disco
0.45696557,[112.34714674],2667.948494278959,0.10138600824787151,-146.09785,86.81123,20.847227,16.659685,3.746503,8.157748,-5.026348,-0.18649259,-4.05155,-1.6269652,-7.1411095,1.456556,-6.245882,0.007694992884539354,disco
0.38672525,[117.45383523],2414.9107230432437,0.10272802583204334,-170.86073,91.17973,19.525991,28.863752,1.4780186,6.8416157,-4.0605855,7.0221343,-6.3359647,1.1713291,-1.1313558,2.0113463,-0.9480681,0.006170667573200748,disco
0.50449735,[112.34714674],2278.2559748593058,0.09290646768575851,-212.73186,89.17314,27.254148,37.409904,14.664907,14.683824,13.023377,4.430712,2.6287336,4.01738,-1.4040177,-0.026407909,-0.14187385,0.007634458458433207,disco
0.41642404,[117.45383523],2323.4568991698766,0.12052534829721362,-141.17853,88.6216,-4.3422213,30.458973,10.953309,10.4688225,0.77336407,7.3806887,-2.261994,2.4065156,-6.213115,-1.4564626,-5.3460236,0.006166112808767101,disco
0.38093075,[129.19921875],2401.217870808897,0.10969094669117647,-100.578606,86.46836,0.25497243,17.774973,5.074662,6.843152,-3.8685555,11.942355,0.8228966,0.9252462,-4.6986074,0.56626767,-0.33172655,0.0054400500274678605,disco
0.33626688,[123.046875],2832.387138766281,0.1440595975232198,-172.48412,67.92208,-5.806107,24.898129,-3.557471,17.185575,1.8972094,-0.8526312,-3.4644582,-4.3595223,0.005710094,1.8983151,-3.317778,0.006776648021832605,disco
0.40677008,[107.66601562],2786.924441871707,0.13410576504450464,-126.55134,73.167915,-0.10847828,16.632124,-9.075938,3.5610008,0.98942375,-1.986509,-6.0465956,5.3324823,-5.0582743,-1.2273498,-6.230751,0.005378178826391223,disco
0.4890049,[112.34714674],2876.6438856458553,0.13486690934597523,-125.03776,61.48144,-1.8747355,37.555946,4.513667,16.229897,-4.320252,8.963584,1.006335,10.819238,-1.6532209,6.292174,-3.2042923,0.004598742564176432,disco
0.51458603,[123.046875],3628.805966380482,0.20051995150445046,-168.52106,28.415028,20.265993,29.859919,10.703034,9.6735325,-1.1408918,9.595125,-2.815969,6.6250362,-1.3225404,6.2447534,-1.8934934,0.004190432521646523,disco
0.420026,[117.45383523],1696.9406210002562,0.07670097232972137,-180.1235,129.39429,-18.911997,29.35037,1.4721744,2.136133,1.7144827,6.750089,1.4637997,6.21941,-1.835592,-2.0899205,-5.3053503,0.005559037691947381,disco
0.41121903,[117.45383523],2748.687273280615,0.12740852663022445,-99.07499,71.84295,-3.6209302,26.706402,2.8723612,6.215995,-5.371041,2.529978,-5.9116216,3.8126738,-1.4624419,1.9535843,-1.5698301,0.005445167409841808,disco
0.35279384,[112.34714674],1707.1125215713007,0.062497354513351394,-158.52277,129.26428,17.245655,18.103706,10.483666,10.947725,-1.1977649,6.5113077,-0.051329054,3.498678,-1.7430314,3.0079525,2.045742,0.005933902727864429,disco
0.42980573,[135.99917763],2736.5838352420737,0.150813524937113,-110.29156,72.333916,-18.868387,31.683651,1.2159909,8.445323,-3.0231602,4.4902315,-3.350069,0.8616887,-8.604589,-1.9986055,-6.6418176,0.002992061275810626,disco
0.27440172,[123.046875],2202.870098215405,0.09565437246033281,-112.60934,105.64298,18.408836,14.688117,5.4330225,4.477671,-7.3167896,-2.6110601,-5.792941,-4.6079164,-9.106814,-6.4404736,-3.1409438,0.002870889660554836,disco
0.3739309,[92.28515625],3083.820189992736,0.13073579298084365,-101.258,59.76658,14.946511,12.930068,1.0562601,3.9405506,1.2205365,-1.0390768,-2.6656766,2.9300551,0.27153352,4.5416994,-3.044954,0.0060235542428520045,disco
0.39967465,[80.74951172],2885.2100521639854,0.14627009058146284,-143.82121,62.20073,-1.3175625,25.982634,7.369378,1.0932382,-3.0321388,14.001209,-6.5179486,4.2480044,-5.927229,-3.780917,-3.9844906,0.005656673549669642,disco
0.42288187,[117.45383523],3422.052099818459,0.18752380937983745,-121.80459,43.118923,1.8669058,11.692778,-10.52667,4.9313836,-0.8060755,10.1432295,3.0346131,7.3530416,-2.6109462,-0.6309283,-5.4427953,0.005662586306655851,disco
