Chroma,Tempo,Spectral_Centroid,Zero_Crossing_Rate,MFCC_1,MFCC_2,MFCC_3,MFCC_4,MFCC_5,MFCC_6,MFCC_7,MFCC_8,MFCC_9,MFCC_10,MFCC_11,MFCC_12,MFCC_13,Rhythmic_Regularity,Label,Cluster,Predicted_Label
0.25236058,95.703125,1505.3574604811245,0.0982227015661253,-268.21857,135.68166,-34.056377,25.616009,-12.971723,17.903263,-9.99086,5.634088,-14.143673,7.4931846,-3.9764395,8.258308,-1.3336012,0.0023694162,classical,0,classical
0.21497735,112.34714674,1361.0064862214672,0.087765628021075,-324.09125,133.56267,-25.030157,24.55361,-11.939921,17.658503,-5.5186734,1.7168901,-10.575926,-0.8605745,-7.80522,3.5297625,5.0546646,0.0020865072,classical,0,classical
0.2778935,99.38401442,1490.2748102133896,0.090045784391918,-235.30266,141.11952,-34.68189,30.97919,-16.402012,23.11808,-11.041572,7.6543603,-19.016834,4.226783,-11.8357525,8.917746,-1.4451483,0.0024176075,classical,1,disco
0.23422067,71.77734375,1526.6289318249846,0.1089463849816318,-326.89743,127.400604,-30.596176,37.471397,-5.2961755,20.813564,-1.7786855,-4.6154566,-4.040199,5.242275,-0.64244866,2.7945673,7.229206,0.0021541826,classical,0,classical
0.22151817,161.49902344,1705.7912691531117,0.1128571665941608,-259.95258,118.92713,-35.608337,31.969566,-16.524866,10.618957,-15.653264,7.425692,-5.82416,8.26638,-17.991137,-1.1879282,-6.356529,0.002020482,classical,0,classical
0.2685064,143.5546875,1431.0801468671511,0.0752100402407192,-264.33557,138.1797,-30.096487,37.83662,-7.1731234,6.7740803,-11.809729,4.7056303,-9.825994,5.859127,-9.563163,2.6768575,-4.788712,0.0025023378,classical,0,classical
0.26142845,99.38401442,1372.6940993686435,0.0729011836571925,-295.8206,134.53781,-22.434929,40.75837,-5.8729753,9.266152,-11.873936,6.2878857,-8.864131,4.4022946,-9.374512,4.060037,1.6421571,0.0019290441,classical,0,classical
0.2765987,215.33203125,1358.9954445281355,0.0731270090148878,-286.7648,135.92358,-24.43564,36.65812,-6.240166,6.963425,-8.172439,3.8363292,-4.407772,6.43176,-4.1324863,1.5559708,-4.3460455,0.002566429,classical,0,classical
0.25473848,135.99917763,1516.848913603582,0.0787779298385537,-292.093,127.76223,-29.910952,37.434177,-9.56995,5.109292,-13.825463,7.040886,-7.0332546,6.498645,-9.904662,4.711042,0.36506906,0.002177971,classical,0,classical
0.27055803,234.90767045,1216.3713864035042,0.0562467523443542,-356.10693,139.79785,-6.2831244,43.18759,-8.871487,11.056036,-8.395702,4.4202566,-8.280071,8.684677,-8.132967,3.4333065,-1.4450533,0.001925933,classical,0,classical
0.24494341,103.359375,1497.503638046726,0.0862173270736658,-315.01526,128.71162,-28.93394,30.832693,-8.987341,7.994575,-9.845814,1.4287152,-8.980798,6.0593615,-3.3081124,7.6189456,3.8063476,0.0025706051,classical,0,classical
0.24493825,151.99908088,950.1801498031008,0.0607572173482211,-385.35327,177.20355,-9.33685,24.37912,5.799284,-4.5660625,-6.359218,-6.949474,-4.122529,3.8736925,-0.33930957,-0.9373086,-3.6557696,0.0020493465,classical,0,classical
0.23563844,95.703125,1180.5324896152028,0.0659625296065351,-362.7318,143.90761,-19.005598,30.651041,1.0206411,0.27225098,-7.991961,-3.8471584,-8.934133,3.276335,-4.4292364,3.6627495,4.925432,0.0019218483,classical,0,classical
0.23210803,129.19921875,1388.1392656380106,0.0808760664394818,-343.14352,140.10466,-20.91952,32.316124,-3.6832788,2.940859,-10.663066,0.31063074,-5.795961,7.683308,-3.6783319,2.5477433,-3.4992898,0.0027155082,classical,0,classical
0.23404849,143.5546875,1279.5154519537928,0.0684507625193348,-324.6393,147.81375,-31.926256,27.40502,-4.5023103,-4.1688004,-12.59746,-5.1306887,-7.7447653,0.8444132,-8.192252,-0.8276448,0.9923773,0.002425956,classical,0,classical
0.21663478,83.35433468,1371.4447396060214,0.0757187137470997,-449.5024,124.97929,-19.903538,27.45521,-5.7697797,2.2189133,-6.560758,10.581615,3.3420105,14.3803425,1.979647,5.249033,4.427051,0.0017681456,classical,0,classical
0.2193211,99.38401442,1054.732886852236,0.0476574584300077,-482.57535,154.85045,-5.0330462,29.729904,-1.8655614,8.21654,-4.778444,9.63252,-3.3466737,4.530603,-10.102243,-0.6701807,-2.4489703,0.0022928359,classical,0,classical
0.25638506,89.10290948,1358.602375942448,0.0810788561001546,-311.5614,148.68465,-33.492855,10.352457,-12.897486,1.2300146,-12.900196,0.8069202,-9.733505,2.0582037,-5.113307,6.7274017,4.6117973,0.0024276404,classical,0,classical
0.23902793,161.49902344,1157.86554064085,0.0706663434116396,-405.63312,145.72554,-0.8494923,23.064943,9.217205,-2.6364684,-5.7427993,-2.0792975,-0.638366,6.745994,2.7888033,2.4446673,5.0832434,0.0019799338,classical,0,classical
0.28401977,184.5703125,1185.144479134992,0.0576288941656999,-475.8085,141.50447,-8.465948,34.003716,0.5104437,6.037262,0.0038526258,9.544266,2.1649942,7.102437,-8.052562,-0.115624756,0.76368,0.0019362762,classical,0,classical
0.26896352,143.5546875,1218.1514494719816,0.0697996725154679,-300.90747,161.1279,-24.245857,27.956917,-2.8630507,2.3890126,-11.268325,0.22309761,-6.8389344,6.0936527,-8.139803,-1.8150443,-4.120981,0.0027137422,classical,0,classical
0.26684955,135.99917763,1371.3948853640538,0.0795392407434261,-278.16513,147.88019,-31.550192,20.35175,-9.574066,-6.2306337,-13.595258,-0.6612344,-7.273572,1.0149182,-11.761826,-0.9655799,-2.2157323,0.002465036,classical,0,classical
0.27621743,107.66601562,1211.4313268289068,0.068440944025522,-278.80756,160.00061,-28.392517,23.027172,-2.7092493,3.0009243,-11.297818,-0.51610196,-11.366227,3.174696,-5.085273,4.348031,-4.0713315,0.0022125996,classical,0,classical
0.26729923,95.703125,983.9717194937224,0.0442168316173627,-406.84668,163.08134,-2.372812,32.416626,7.946261,9.632712,-5.45672,9.490358,-3.060804,10.187205,-10.35241,-5.4048333,-8.054707,0.0018279635,classical,0,classical
0.25327945,151.99908088,1253.0323992049643,0.0716289334396751,-223.18733,163.25397,-34.412884,24.186995,-10.303666,3.2221324,-12.889323,0.80370426,-14.28119,1.6788578,-10.140899,0.23151678,-4.558466,0.002849165,classical,0,classical
0.2973892,129.19921875,1184.2726167313851,0.0682921560808198,-221.30133,173.31781,-37.445778,24.35597,-8.682666,3.3846245,-12.844792,1.0788687,-15.323445,0.4238257,-9.6230135,2.288309,-4.490512,0.0023892047,classical,0,classical
0.2456861,161.49902344,1278.5184062359635,0.0817321635730858,-319.2353,143.68849,-31.174316,10.929482,-5.559396,-4.257987,-8.956228,-5.5805836,-8.02272,2.3428679,-4.4802847,-0.32078663,0.96291196,0.0026367228,classical,0,classical
0.2406908,135.99917763,901.7378802312896,0.0534326209638437,-366.2604,181.60039,-5.51421,26.999447,-4.8282466,4.6016793,-10.550475,0.15556985,-11.136406,3.576607,-10.338357,-1.0807843,-4.597426,0.0017835399,classical,0,classical
0.26289216,161.49902344,1314.399292126819,0.0810950943783836,-228.95596,153.91904,-30.704666,20.802929,-6.099663,1.1756067,-10.78928,-3.866134,-11.594046,0.86720824,-8.299901,-0.7155663,-3.0778165,0.0022918147,classical,0,classical
0.24689516,135.99917763,1559.3040287466677,0.0921937687306651,-297.12802,130.24132,-30.590057,27.473576,-7.0638957,1.9754051,-11.136684,4.744581,-8.7696905,5.404951,-5.3879395,4.4562883,1.7435378,0.0021864893,classical,0,classical
0.27837116,117.45383523,1243.6691621009502,0.0637046536639597,-315.7878,149.6681,-30.549936,23.213522,-8.68629,-10.101967,-15.724107,-4.040028,-7.6393766,0.046328187,-11.144776,-7.673778,-5.867613,0.0019090396,classical,0,classical
0.30325136,112.34714674,822.6139611536199,0.0394431554524361,-374.00146,172.43169,6.4013906,20.147358,5.863239,1.5984085,-6.7120857,-1.1907266,-0.28920582,0.33138114,-6.5567055,-7.3027678,-7.334053,0.0037243308,classical,0,classical
0.28324297,103.359375,792.9088884169765,0.0365727565496906,-498.6033,177.51414,11.2123165,27.632612,-2.83633,5.0898414,-6.60016,-1.0522397,-4.139637,-3.0476696,-9.911628,-8.576438,-9.19357,0.0018001589,classical,0,classical
0.30408838,95.703125,1128.381138727403,0.0543959662606341,-429.07135,120.76844,-1.7005684,17.942797,7.7381415,-2.054263,-3.9395752,-2.5293145,-0.5850701,-0.8083962,-9.05951,-3.6882565,-0.9795186,0.0020876871,classical,0,classical
0.27402547,123.046875,1369.5923998136095,0.0735405186581593,-309.26334,138.65692,-29.71562,33.617283,-0.36966035,5.228342,-6.3285327,3.2850165,-6.703107,-0.68848854,-13.24687,-8.538453,-9.6672,0.0018338234,classical,0,classical
0.3191619,151.99908088,1016.2036312413076,0.0611235226943155,-319.72226,166.00253,-11.9387,27.27777,7.8312716,1.7412491,-7.853774,-2.401125,-2.9048698,-2.5207543,-11.3745775,-4.6163793,-4.492808,0.0034613137,classical,0,classical
0.23927984,107.66601562,1282.3275301478,0.0594094402552204,-419.33255,127.41256,-3.780655,23.201252,-4.313284,4.0386424,-8.204687,-7.614801,-7.066255,-2.9135451,-7.399464,-5.427491,-9.091689,0.0018850905,classical,0,classical
0.28418007,161.49902344,1533.6492784629645,0.0939154038573085,-275.4436,125.33516,-41.033215,24.59948,-4.7629037,-4.2574043,-15.00206,-5.0420785,-4.9981613,2.4723504,-10.893561,-8.01609,-5.1683517,0.0022019306,classical,0,classical
0.2946108,151.99908088,1279.4808753417974,0.0758388014791183,-275.9678,146.32536,-36.601395,24.209837,-2.5517092,-2.155176,-13.30885,-6.500922,-9.406593,-3.1215193,-11.546325,-4.1899295,-1.6999396,0.0029658037,classical,0,classical
0.27086365,161.49902344,1633.5822989966382,0.1089565811098221,-409.5085,116.79858,-16.184534,11.701641,0.6897332,6.012307,-4.265308,0.4997358,0.4310803,12.586633,-1.1213995,-1.1413047,4.948069,0.0022106422,classical,0,classical
0.25054973,107.66601562,1396.7128037657276,0.0726202236803944,-358.75812,129.07834,-30.378685,19.878695,-10.365979,-0.6496008,-10.599927,1.5427625,-3.966615,1.8717922,-8.833108,-7.1691914,-8.212051,0.002093836,classical,0,classical
0.26822123,123.046875,1329.4563630678226,0.0788172038138051,-368.52054,124.2544,-31.574648,17.583704,2.324991,-5.9451766,-11.797775,-5.5220284,-5.396873,-1.3089094,-8.424349,-3.616905,2.2096312,0.0021351757,classical,0,classical
0.26182422,198.76802885,1326.2905913173308,0.0938649775420489,-160.66153,164.26509,-48.74267,1.6567883,-7.6118655,-2.6635227,-11.042241,-7.000248,-8.0976515,1.2511177,-5.369692,-4.139391,-5.4268584,0.0027363438,classical,0,classical
0.19099382,129.19921875,1063.396723083687,0.0510089635295823,-249.65216,161.55922,10.15452,-3.0576775,-0.573579,-2.0703812,-12.197371,-8.612416,-14.639438,-12.048641,-12.293453,-7.161874,-7.8807263,0.0031728176,classical,0,classical
0.2522556,80.74951172,1181.884073002171,0.0717101248308198,-402.20825,153.97675,-15.228629,15.294281,-3.0716236,-3.1837263,-9.759971,-17.305773,-12.305009,-7.9180746,-7.099395,-0.29572114,1.5226654,0.0024203511,classical,0,classical
0.23616467,184.5703125,1176.944993897445,0.062261493389423,-171.08478,156.89876,-21.83331,5.3263197,-4.0699153,-3.731567,-8.900291,-4.9369226,-7.900487,-5.3933387,-9.340079,-6.6050344,-7.7875705,0.00406448,classical,0,classical
0.3468405,129.19921875,1878.4940039517187,0.1115758531515854,-85.30834,118.44306,-31.477152,20.282328,-4.4176335,6.9121923,-10.952412,-1.6223388,-7.3614726,-3.0186846,-4.4440117,-1.417289,-4.2533975,0.0019983794,classical,0,classical
0.2584079,123.046875,1174.3248424595008,0.066340163983952,-436.85822,154.08043,-19.861963,20.18266,3.1738954,0.45094606,-6.5277185,-4.6089153,-10.058647,-6.1566315,-4.53336,-2.7670465,-5.211671,0.0017579417,classical,0,classical
0.29638234,172.265625,1514.0972710756876,0.0872000235098379,-124.04526,148.59566,-21.581469,17.421335,-1.4155146,4.123948,-7.0207763,-5.1447277,-5.8456483,5.0245104,-6.2263536,-1.9116532,-0.90014344,0.0025134012,classical,0,classical
0.3116152,103.359375,2224.8938399288413,0.1094464281395123,-98.35358,98.3555,-20.490532,18.820034,-2.095781,2.6650372,-7.3115172,-3.5901136,-7.989525,-1.9183743,-4.731997,0.6237759,-2.5930848,0.0022908156,classical,0,classical
0.2860107,107.66601562,1170.256219376788,0.0494870969885924,-449.5513,151.49677,-12.753423,44.259808,6.250194,4.0544987,-1.4762169,-1.6236228,-2.4865205,-4.2856755,-9.663299,-1.3531811,0.13567714,0.0016925698,classical,0,classical
0.38145718,135.99917763,1527.645526264714,0.0601050787296826,-230.27237,119.15338,-1.0512242,28.384487,10.00878,16.125822,4.7939453,6.1923785,0.9515957,5.9151874,-1.1755236,3.5739167,-2.0996544,0.0026116404,classical,0,classical
0.387909,161.49902344,2411.5244663469507,0.1269315998404872,-186.65797,86.64906,-15.726744,14.733744,-2.2077508,6.2551727,-0.89246273,0.65540314,-6.0940466,-5.2228494,-7.879544,-1.7255487,-4.7003126,0.0032407441,classical,0,classical
0.30422586,215.33203125,1462.3835644748758,0.087670171051375,-121.83351,149.66736,-42.832016,24.485323,-5.4060426,10.664615,-2.818438,0.7835228,-6.3980646,4.4740596,-1.2259258,1.2524997,-1.1988703,0.0035900874,classical,0,classical
0.31954268,95.703125,1702.24789858299,0.1150749589754566,-108.06734,127.27673,-44.952744,31.253359,4.3463645,-4.9418173,-15.889656,14.6361885,-7.799102,-1.2097644,2.8209624,17.278034,-4.0977507,0.001910581,classical,0,classical
0.18647526,78.30255682,1079.788869352158,0.059338444992266,-483.96786,144.165,1.3792461,8.07079,4.933558,-2.316337,-2.740416,-6.8436475,-10.15446,-8.070668,-7.157022,-10.55595,-7.773563,0.0019636515,classical,0,classical
0.3130526,95.703125,1681.2723869009876,0.0967222614052854,-81.11545,129.04564,-42.44421,33.13707,5.6854477,-6.503762,-2.2667923,7.401878,-18.70608,2.4765916,3.7434185,1.8843732,-10.075478,0.0020719152,classical,0,classical
0.25387782,107.66601562,1751.5809593775805,0.0952295714907192,-367.0708,112.81916,-18.745602,10.175582,-1.6043581,3.799532,0.9256812,5.0639057,-5.3709044,-9.514625,-8.494094,-1.786254,1.2870401,0.003202325,classical,0,classical
0.26560685,143.5546875,1137.8827996451196,0.0818439433488012,-349.94827,161.8574,-3.3694623,14.163238,5.7316146,3.5070765,2.9739192,-7.0916595,-7.915771,-0.36118284,2.8649027,-2.4754703,-6.782114,0.001854182,classical,0,classical
0.2825774,117.45383523,1551.3608602773115,0.093266250362529,-197.22751,137.38995,-34.15922,25.363323,-5.2644143,-2.7768812,-9.50855,-7.613304,-7.647625,-5.667732,-4.3843036,-5.424353,-3.5282192,0.0032936719,classical,0,classical
0.30537146,123.046875,1803.800200335076,0.1040197668938515,-166.42174,122.12508,-32.114124,16.680294,-5.400134,-2.4928677,-9.827045,-4.8984995,-6.967043,-4.5714536,-6.6540885,-5.4923553,-5.371946,0.0031491166,classical,0,classical
0.2818187,151.99908088,1322.7344268727695,0.0761046560808198,-274.3259,148.35321,-20.328934,21.799068,7.9280887,3.7767048,-2.2288494,-6.0878696,-5.623011,-6.6903195,-5.9035316,-4.5922475,-1.5412745,0.0032669425,classical,0,classical
0.32025677,89.10290948,1474.7414794976396,0.0740291775425367,-305.44928,135.9327,-11.758563,18.213852,10.375582,3.0047126,-5.5933824,0.14134434,-1.354128,-1.8684579,-3.208138,-6.7502136,-2.6937735,0.0037867373,classical,0,classical
0.22685228,95.703125,690.5300405312647,0.0360448236900618,-465.89728,180.18097,56.64645,11.035487,5.84732,0.7351601,-3.9715195,-5.886589,-8.459515,-9.785687,-7.6918125,-3.2519479,-1.8584505,0.0031448575,classical,0,classical
0.19904521,89.10290948,1118.450246121639,0.0422878752175174,-498.64725,145.66858,46.470146,15.258628,3.0686219,-0.8322841,-5.2227077,-6.210678,-3.811383,0.089115955,2.7176886,2.2169223,0.2405624,0.0041859397,classical,0,classical
0.20720129,123.046875,829.0091477951953,0.0475079152165506,-421.5947,172.78944,28.069185,-2.5672545,-3.5711489,-4.8697968,-8.896141,-10.693691,-7.677652,-7.9523697,-7.321746,-2.7029622,-0.9108148,0.004173442,classical,0,classical
0.18713118,135.99917763,795.5192461669669,0.0450219481100154,-429.1393,175.105,31.898457,4.288325,1.0443158,-5.7782183,-9.484334,-11.283601,-10.578688,-8.663466,-6.3293447,-1.6777813,0.82280564,0.004186824,classical,0,classical
0.26748624,143.5546875,1117.67544135447,0.0463572632685614,-413.4534,143.48242,31.305882,14.029362,1.5161096,-2.2952938,-6.4711924,-8.109996,-5.934282,-4.4754477,-2.8047545,-0.82260454,-1.2224383,0.006640897,classical,0,classical
0.25726342,83.35433468,1559.9200748058706,0.0951725486997293,-234.44064,130.26003,-39.531033,19.348919,-6.7951365,-5.134988,-3.7098153,-4.0319524,-5.071555,-1.3709053,-7.7486467,-4.3807516,0.4702783,0.0025768508,classical,0,classical
0.23666598,69.83741554,1349.5622465655813,0.0792533715197215,-321.24756,136.29433,-28.28276,31.008644,0.5742582,0.23691241,0.6586137,-1.3397088,-0.058611777,-0.42391258,-6.176197,-0.14452073,-0.4549772,0.0019847234,classical,0,classical
0.24420142,161.49902344,1355.7633127675824,0.0708377894189868,-321.1392,134.57178,-18.24004,22.185543,0.42837247,-3.8020203,0.4877544,-1.1469616,-1.9024942,-0.10495498,-2.7560534,0.5838329,2.4930167,0.0034109103,classical,0,classical
0.20812953,143.5546875,1397.3892884939066,0.075862970079273,-269.7108,136.43422,-25.016579,26.403866,0.68106735,-5.372084,-1.109293,-1.498667,-0.17736825,-3.8057554,-9.296668,-3.1443982,1.6502775,0.0023273565,classical,0,classical
0.27937976,117.45383523,1285.3702594238275,0.0637424171017014,-360.83868,138.97086,-12.927217,33.778614,7.5961585,-1.7088121,1.027019,4.0721283,3.938996,0.94157827,0.5166481,4.6864805,3.336596,0.0035293614,classical,0,classical
0.21630721,129.19921875,1211.8707246042643,0.0709397507008894,-306.85605,152.84921,-27.586615,16.327555,-3.148807,-8.940591,-5.437477,-9.772418,-7.1042967,0.29831234,0.89340913,5.4443207,8.212006,0.0031953384,classical,0,classical
0.23739636,161.49902344,1360.1636476762342,0.0721379845804331,-289.74127,143.90283,-27.002756,24.065565,-1.1469277,-6.3004317,-2.745879,-3.524174,-3.0163457,-3.1469986,-7.264607,-1.6910163,3.0758982,0.0032616504,classical,0,classical
0.2173621,117.45383523,1171.477078803794,0.0608640878770301,-413.00116,138.53171,-19.246777,34.156403,8.985244,-4.2935634,4.1500463,0.8692794,3.081244,0.12008622,-4.0598016,3.7838356,5.919068,0.0018468411,classical,0,classical
0.26036572,172.265625,1340.8675515904304,0.0717456224622969,-238.74171,149.72977,-28.855423,28.25653,-0.80010945,-3.9364913,-2.1363714,-4.325534,-4.18362,-3.438125,-5.7532845,-0.09010243,2.5456483,0.002687062,classical,0,classical
0.21900696,161.49902344,812.1207958821843,0.0483349345030935,-477.94348,155.32089,12.7602215,5.5314426,2.3841317,-10.652273,-16.651352,-12.546622,-11.187111,-9.374714,-3.2156122,-2.7692902,-6.4778414,0.0061127907,classical,0,classical
0.22509545,67.99958882,715.8536806386724,0.0412818572360788,-552.1586,173.31636,26.347733,14.1246195,7.2601395,-7.080264,-5.8543334,-10.337285,-11.018615,-9.1995945,-8.825932,-4.930786,-3.6539578,0.0037524218,classical,0,classical
0.21777761,143.5546875,790.5070052979679,0.0520882425802397,-437.6044,170.93153,7.4195814,-3.083473,0.7893821,-11.128749,-12.522781,-6.907836,-5.858702,-8.461237,-8.481487,-8.339388,-7.378575,0.0031699077,classical,0,classical
0.4380738,143.5546875,973.535586661692,0.03153360341744,-549.5697,156.9653,6.631246,34.402447,13.249272,5.748277,5.0407815,-3.0072958,2.0624194,3.0736666,2.01758,3.2438076,5.6670165,0.0017352228,classical,0,classical
0.2667711,151.99908088,1214.3502552431812,0.0605744423095514,-374.65198,153.82292,-21.559772,20.833046,7.002672,-3.9453752,-2.5165148,-2.8052347,-4.2927785,-4.5061345,-5.7571154,-4.25979,-3.8456016,0.0018785436,classical,0,classical
0.28263748,112.34714674,1415.4129895873043,0.0873781751498453,-263.99594,142.11691,-51.378956,5.0166855,-20.275646,-17.12978,-16.075098,-20.311262,-15.04123,-9.737653,-8.4088335,-11.790934,-6.8859296,0.0021654624,classical,0,classical
0.24480073,117.45383523,853.0763810402855,0.0507763407530935,-338.83044,190.14246,-16.293915,3.7036424,-0.44072857,-8.890434,-10.38858,-16.360968,-13.284851,-10.792324,-8.643245,-8.279584,-4.624201,0.0017598488,classical,0,classical
0.24573597,112.34714674,1002.6849591662104,0.0579445965052204,-368.99612,171.87369,-27.293062,6.0049872,-0.16409573,-10.674203,-11.9248295,-10.194441,-11.368568,-10.507292,-8.375313,-9.789171,-5.0586824,0.003154926,classical,0,classical
0.30974057,107.66601562,1525.7917091607942,0.0915895537267981,-246.15865,149.42867,-41.988865,11.606256,-10.289648,-4.0193577,-7.1368546,-10.135562,-9.420322,-7.171843,-3.1583676,-5.640657,-2.586296,0.002999752,classical,0,classical
0.31202316,99.38401442,1356.2906973182814,0.0768346233323665,-283.51343,159.5616,-29.515244,18.527405,-9.859647,-3.4256573,-10.989011,-9.791544,-8.29952,-4.2436934,-2.8717248,-5.970813,-4.0241084,0.0032748627,classical,0,classical
0.27436775,123.046875,877.3225402716945,0.0510448387954369,-392.925,190.73505,-13.30989,8.256798,1.556012,-11.073181,-11.240291,-13.994958,-10.621299,-9.390467,-4.6211743,-10.071729,-4.8217816,0.0018674077,classical,0,classical
0.29441762,103.359375,1304.1427959179266,0.0705662703016241,-299.62308,157.25868,-37.329967,15.76609,-5.7509174,-4.4520483,-6.8125167,-10.72881,-9.877374,-8.156403,-5.426561,-7.837365,-2.7309942,0.0025696491,classical,0,classical
0.21728311,99.38401442,2423.3323353649416,0.1666526941947022,-301.9321,57.551674,-59.138557,33.53785,-20.924202,17.733927,-0.6399964,49.018707,19.130726,27.11223,-17.640003,-0.28261364,-3.750939,0.0024857458,classical,1,disco
0.21940403,95.703125,2172.3382154638084,0.1519646050850734,-326.38028,85.908844,-42.970146,31.839684,-19.570826,9.9973955,-16.449766,9.995578,-8.598667,25.513878,6.546204,16.401815,3.4843893,0.002022588,classical,1,disco
0.22592382,92.28515625,2192.5069045226314,0.1524053044035189,-251.23933,88.76645,-41.775455,37.914806,-12.039209,21.623262,-5.8672247,25.71373,-5.204475,14.297369,-7.54923,10.474768,-4.9246387,0.0023045857,classical,1,disco
0.181111,95.703125,1807.9280823768647,0.130968133700696,-299.6929,103.63919,-27.674162,51.015617,12.293651,16.498365,-10.951071,-0.887635,3.8555367,12.946044,-12.41085,2.478124,5.183284,0.00210441,classical,0,classical
0.22694331,135.99917763,1623.7580253062436,0.1082496495552977,-207.42522,117.61352,-41.420906,13.249367,-1.6709114,15.538312,-10.338402,-1.8724031,-12.771744,6.9996586,-0.77371377,2.0700433,-8.253666,0.002900551,classical,0,classical
0.36881214,184.5703125,1423.5649269846945,0.0701187735643851,-385.87155,128.65533,-26.71042,39.469887,-2.1612146,16.753073,-5.728032,14.715788,-3.0880718,12.3004465,-5.8861976,2.797903,3.6902454,0.002142574,classical,0,classical
0.22768864,86.1328125,1800.8758120131474,0.1243542452146171,-422.54468,89.863014,-18.73295,37.771908,6.006347,4.1578536,-1.9991797,12.114277,4.164937,13.789986,2.8316233,5.892905,6.113412,0.002261041,classical,0,classical
0.29294565,135.99917763,1933.75034806624,0.1175719317962103,-203.65866,111.14665,-51.54852,39.4677,-10.575403,11.908858,-13.1665745,15.140764,-7.2812214,13.376247,-7.3036685,3.8474364,-3.7815683,0.0021316789,classical,1,disco
0.22228573,103.359375,1494.4657470360255,0.0859099326904485,-280.7058,122.70871,-14.398484,26.855293,1.342496,5.994597,-13.109008,3.3745084,-11.562682,5.1796885,-1.0512307,2.7557733,0.0577943,0.0023058336,classical,0,classical
0.2899613,184.5703125,1952.6079332127845,0.1234226212055297,-287.6037,101.75817,-35.345406,41.28016,-12.727131,17.276148,-13.967989,16.304947,-5.592962,13.65411,-8.788416,-0.053095203,-13.757536,0.0034642299,classical,1,disco
0.3338999,95.703125,1525.0760420116658,0.0806853610788863,-378.6962,126.49836,-18.83014,42.88959,-14.325575,25.359526,-14.636545,18.717955,-10.184204,21.119013,4.4280825,18.228247,-10.292282,0.0022538246,classical,1,disco
0.44557777,117.45383523,2298.1112240567795,0.0965254538231895,-111.09919,94.025856,12.438059,16.629438,8.1260395,15.663839,-1.4103329,7.014441,0.9597832,-1.4994509,-3.0789328,-5.098986,-3.715649,0.0045532743,disco,0,classical
0.41056672,117.45383523,3292.704549878069,0.1885523173483103,-29.0431,51.860497,-7.5676084,21.507437,8.141378,18.118086,6.8945746,6.569047,0.7113645,11.159763,-1.816327,1.63559,-2.59119,0.0028096389,disco,0,classical
0.41199332,92.28515625,3592.2181145867817,0.153338438950116,-53.1693,57.173717,21.160828,11.305263,18.118341,1.6628118,0.3451027,2.3239794,-5.1052694,2.747911,3.1522436,-5.5144777,-3.1615028,0.003357044,disco,0,classical
0.4951672,129.19921875,3045.783197240785,0.1495607339559387,-44.433094,52.32051,3.242855,43.93931,12.584174,24.506044,4.923503,15.30651,2.041092,10.386366,-1.4623228,8.834608,0.4166824,0.0033894042,disco,1,disco
0.38212395,123.046875,3328.4809117165955,0.1690144195910672,-83.55509,64.49134,5.6444163,2.70193,0.78633994,6.1651754,1.8841151,1.9749736,-1.8108131,1.8658113,2.4624798,-0.22272581,2.9572232,0.003263117,disco,0,classical
0.44803378,107.66601562,2722.838205604773,0.1446281579262452,-24.816133,73.69842,-11.7444935,28.304634,6.2917438,2.1907132,8.419229,12.195894,-4.057585,13.498219,1.8683927,-0.9259459,0.5338901,0.0030205646,disco,0,classical
0.47404167,123.046875,2848.395241985928,0.1636452140129543,-14.574817,65.19933,-19.888517,31.502684,-4.814699,11.8655615,9.996404,5.9602337,-3.8007708,9.38057,-4.387615,3.3392262,-4.4454346,0.002853726,disco,0,classical
0.43158323,129.19921875,3099.082005849926,0.1402915488447409,-53.432594,56.165604,-6.337501,31.602524,4.648096,16.339651,4.1082096,1.8778182,-0.38534993,2.4980185,-0.5452888,0.96003777,0.49098662,0.003753496,disco,0,classical
0.45429057,123.046875,2801.719944106093,0.1643124669216705,-32.569878,65.03629,-26.761168,30.300564,5.697337,11.660783,-2.227687,10.421782,-2.373412,5.365474,-3.8786147,-0.8631799,-0.21064341,0.0032336647,disco,0,classical
0.44217622,129.19921875,3016.9654959671584,0.1706677028953983,-68.92688,63.117622,-15.855327,28.002327,8.173502,7.323385,-4.9316792,9.490028,-0.974049,-1.5963366,-6.184394,-3.9365966,-1.1669567,0.0043271803,disco,0,classical
0.4376821,107.66601562,2877.4074655436298,0.1503026361900618,-6.7652006,61.12942,-16.672161,27.438726,7.734437,16.013573,4.646263,11.44598,0.34369332,9.835787,3.1894264,5.0318027,-1.8564004,0.0027832752,disco,0,classical
0.3735347,95.703125,3132.9752097469195,0.1309711547757154,-41.31514,62.78868,7.3239293,12.122528,6.358506,9.253,3.064216,13.849786,0.15274541,8.056879,-2.6997385,-7.2205544,-3.241377,0.0033109575,disco,0,classical
0.42836955,112.34714674,2737.358914673473,0.1314991138599537,-57.955585,68.42821,-15.226618,23.4141,14.886023,13.217155,2.1807866,12.793449,0.0489805,12.763609,0.007023682,3.38002,0.8436664,0.0034989207,disco,0,classical
0.42159122,184.5703125,3391.3650850232443,0.1595289992991106,-40.076855,56.219803,23.692863,31.93953,2.454801,2.5702763,-2.4864342,3.1007562,1.8817091,3.3470368,-0.00181484,-1.5163457,-2.451519,0.003479723,disco,0,classical
0.43621337,103.359375,3087.483970853388,0.156306688999613,-23.927662,61.220757,-0.9586992,25.331013,0.39423466,6.0302544,2.4890816,6.189192,-0.32926697,9.696876,-5.5078354,1.061818,-2.4369648,0.0029541778,disco,0,classical
0.41476554,123.046875,2362.4116318966007,0.0902270488930781,-46.762787,103.70078,22.12663,9.223701,2.2584798,-4.7948833,4.7989955,0.9515378,-9.411774,-1.0667286,-0.8673272,-5.279599,-1.7630391,0.004089209,disco,0,classical
0.4351562,123.046875,2520.434661747475,0.1142480842911877,-35.856197,83.80528,-2.9019706,32.213963,9.144426,4.18242,0.13708669,11.094396,-2.8947356,7.9954515,0.62894285,3.6732092,3.7831783,0.0033125079,disco,0,classical
0.4045441,123.046875,2564.2888412274115,0.1207210248694895,-98.18701,92.406166,2.659,19.365164,3.5725617,-1.7528336,-1.7048805,-3.1811252,-9.103381,-4.084536,-5.1873956,-5.4817677,-4.233032,0.003988486,disco,0,classical
0.37013212,123.046875,3043.11239467636,0.1435833877126836,-73.086945,71.74661,12.055069,1.4190236,4.5368185,10.854836,3.8677087,0.938452,-5.9773855,9.039347,-2.3677554,3.5528102,-0.14295743,0.004896892,disco,0,classical
0.44504824,117.45383523,2117.6008935704253,0.1036553497196442,-95.04604,109.33905,-30.173485,16.371214,20.04151,11.963911,3.490323,6.1774545,5.204813,8.618461,0.3315828,0.38170958,0.5376681,0.005364564,disco,0,classical
0.34255823,161.49902344,2116.937132007475,0.1032629876015081,-104.13797,105.87117,-14.32759,36.710423,-10.330668,16.791773,-6.818429,8.1312,-4.46437,0.9813637,-10.006949,0.375473,-1.7045553,0.0033706652,disco,0,classical
0.40129316,107.66601562,3248.710113626103,0.1240453402938901,-115.077194,70.42093,31.231396,11.171844,13.070835,3.8785791,1.8067201,4.9745398,-1.0353943,3.9286358,-1.2870673,-0.6889938,-1.0698988,0.0040391763,disco,0,classical
0.4353897,123.046875,3708.111084995513,0.1728866824970997,-71.953896,46.87051,21.02663,29.955154,9.50348,2.398713,8.242609,2.5120273,-2.1593828,0.44539666,-0.22787966,-1.5480236,-3.60627,0.0036603413,disco,0,classical
0.43539393,112.34714674,3167.5553238891907,0.1509782240912606,-32.176426,60.042603,3.3742273,18.975922,4.3331447,0.688965,-2.0220764,1.329652,-4.6426954,3.790977,-6.739723,-4.8872533,-2.336693,0.0043429337,disco,0,classical
0.37273753,129.19921875,2624.814629146055,0.1202165053412606,-69.63065,83.07227,-16.599928,0.118371196,7.4206076,0.770008,1.337478,4.6957984,-1.4168245,3.3194354,-2.8782651,-8.20215,-5.767511,0.003412316,disco,0,classical
0.35795805,123.046875,2410.17299144527,0.0996603556409512,-124.16993,90.155014,-11.328686,10.931417,-1.1485722,-3.7591834,-0.85792863,-3.8354802,-3.7047462,-0.25987902,-5.8160195,-3.4383402,-4.632643,0.0049311165,disco,0,classical
0.40120935,117.45383523,3043.44261890053,0.1315957620359628,-68.05401,66.35393,11.858419,21.977438,9.757756,6.6893187,1.5989807,3.808797,0.95074666,4.7707677,-4.210415,-0.06348854,-1.2341598,0.0039037871,disco,0,classical
0.48542,112.34714674,2908.67464508436,0.101182977450696,-155.67004,60.623177,23.156448,31.176702,25.046492,16.90212,9.445917,8.451037,5.319857,6.555652,5.769587,3.9236524,7.5681047,0.0041403864,disco,0,classical
0.4831137,123.046875,3715.186360888221,0.1983751148008507,-20.4939,53.692123,5.9808583,10.135651,17.066591,9.531477,4.6186805,6.3997,-0.33616525,1.728475,3.6760638,-0.7774312,-5.8819685,0.0034306564,disco,0,classical
0.38404918,103.359375,3075.024487857884,0.1385359266241299,-58.975624,68.86752,-8.4672365,3.615686,5.068393,3.2651877,13.515075,-1.3705544,1.6674578,3.7045982,-3.7095897,-0.32859462,-2.8358054,0.003343135,disco,0,classical
0.4501192,135.99917763,3167.957019535548,0.1507754344305877,-40.752613,63.94863,4.9002733,16.338194,12.109656,9.335104,4.537441,5.185624,-0.590275,-0.08554639,2.94747,-1.4827536,-1.7634141,0.0034580817,disco,0,classical
0.4171802,123.046875,3256.824592073175,0.1737518428557617,-66.57301,58.33059,-8.167375,15.471976,5.5654945,7.6850796,4.063464,-3.5938892,-1.3324877,1.6080923,-5.481993,-3.7419508,-3.2483392,0.003640448,disco,0,classical
0.3684095,112.34714674,2446.973203805007,0.1232511751981825,-123.33121,86.98849,-22.510225,6.942469,8.465196,12.644245,-0.8552823,-0.8346987,-3.2606728,2.6243713,-0.77050847,-0.41433403,-3.8346293,0.0054314085,disco,0,classical
0.39188674,129.19921875,2450.056640885936,0.1244871725154679,-57.81615,86.559784,-11.807115,38.770008,2.3708022,8.82681,-1.2821877,9.910632,-1.6604491,9.840833,3.008505,7.504814,1.7077206,0.003517061,disco,0,classical
0.3576883,129.19921875,3653.660039941644,0.1808128504447022,-65.7685,52.818344,16.573313,12.561863,5.6153107,8.380825,-0.62042105,-0.61569375,-4.0818486,0.68219966,-7.784731,-1.8936242,-7.254853,0.002537862,disco,0,classical
0.4025388,123.046875,3623.47282265526,0.1763363725348027,-51.76516,55.671803,11.406057,7.478552,12.002954,6.2611246,4.352581,4.310239,-5.940638,0.56399125,3.5921662,-2.3924637,-5.827445,0.0034414602,disco,0,classical
0.4347791,135.99917763,3347.891415972544,0.1620300717807424,-23.554235,57.342735,6.998448,16.543451,5.511961,11.862946,1.6884781,5.4613194,2.7518313,7.33802,1.9618068,1.2653592,-2.344999,0.0037252728,disco,0,classical
0.45445886,129.19921875,3637.157091722293,0.1900112686098221,-26.572124,52.05681,4.1798263,12.867351,16.744804,10.1250925,4.477274,6.3274975,1.1676531,0.65146893,4.6326404,2.135598,-3.3680081,0.003318124,disco,0,classical
0.3706023,123.046875,3353.4041591983114,0.1682021280452436,-77.44353,52.192024,-9.003063,12.85945,8.564754,2.8909404,8.93061,4.0074053,-7.3485837,-2.2597075,0.9599889,-1.0451938,-3.765717,0.003112861,disco,0,classical
0.34106073,112.34714674,2328.0941748431023,0.1011584312161639,-107.419014,91.06335,-8.360448,34.299168,-1.9180144,3.7762592,10.525865,5.5680933,6.945284,4.772103,0.68487173,-3.846765,-2.577472,0.0037106655,disco,0,classical
0.42082044,135.99917763,2606.2991274506444,0.1264267026778809,-78.310104,80.05325,-9.145553,25.454119,-3.38754,16.801464,7.2613983,1.8166611,0.48763216,6.3167953,1.4947494,2.1649706,0.6583118,0.003950853,disco,0,classical
0.35568023,161.49902344,1776.2078695953194,0.0538442424352281,-122.0258,116.833405,28.316168,24.712555,10.907239,-1.8973352,-1.3955237,-0.95011127,-3.5476987,-2.620153,-1.1254318,-4.189509,-2.5425725,0.0046528853,disco,0,classical
0.39404586,103.359375,2403.5943006159314,0.121640942212877,-62.335667,92.05891,-19.73222,17.626944,-3.195096,5.4077826,-4.0143547,8.878788,-2.5088322,3.154782,-0.5376992,-1.5001122,1.2933992,0.00352152,disco,0,classical
0.4201968,129.19921875,2875.4360880726217,0.1347388129592034,-62.772682,77.844574,3.5485418,26.009861,5.935958,11.293566,11.112388,-1.9588369,1.8317076,9.176684,4.0686727,0.9862056,5.6128936,0.003978855,disco,0,classical
0.36688584,123.046875,2330.184617913994,0.1095898739607501,-71.29618,97.73015,-18.382887,8.58388,5.191988,-0.9440428,0.4582461,1.6218204,-4.783834,0.061743174,-0.5539029,-4.458565,-5.319331,0.00408054,disco,0,classical
0.40729585,123.046875,2248.030510146551,0.1097190249178267,-81.30502,106.47955,-9.540607,17.966782,3.0102844,8.300962,3.889344,4.250727,-3.7409382,-2.0746686,-2.2095342,-4.5908613,-1.1636227,0.003920421,disco,0,classical
0.37654734,123.046875,2259.6134225197134,0.1141981462683681,-125.7326,101.78745,-17.478825,33.670853,-15.239169,23.698206,-8.662551,18.543148,-14.054488,19.967379,-15.139362,12.968243,-14.305062,0.003998584,disco,1,disco
0.2205651,123.046875,1710.9750338855315,0.087009226363109,-280.8543,120.81254,-37.62976,28.712122,-10.775235,-6.4053197,-13.794428,-4.07455,-14.849012,4.7964478,-20.164259,-5.091476,-6.790002,0.0021281685,disco,0,classical
0.4097578,99.38401442,2617.495747563951,0.154337659512761,-105.02221,80.18619,-41.07682,54.00217,-8.363626,25.715185,-12.457802,28.7062,-15.013625,15.607914,-7.6197186,12.427018,-7.360461,0.0035968164,disco,1,disco
0.42124674,123.046875,2396.988699228778,0.1352758090438901,-45.15996,98.66788,-24.665955,40.495197,-18.095556,26.117126,-12.685222,13.979276,-15.417927,16.17709,-14.375685,8.136641,-11.938592,0.004428083,disco,1,disco
0.45113242,107.66601562,2376.024789661101,0.1287397132395591,-45.837555,101.74323,-32.09262,34.283173,-17.53784,32.31909,-15.645128,22.037209,-16.113321,18.675735,-13.077868,16.480183,-9.910721,0.0032527468,disco,1,disco
0.46042803,107.66601562,2650.7330123265733,0.1576298760150812,-77.267006,89.39314,-34.23403,38.691704,-22.262562,31.242887,-16.381735,22.33546,-16.01921,19.276945,-13.239378,16.7234,-10.390649,0.0035536443,disco,1,disco
0.416339,123.046875,2590.895265318272,0.1697749752271848,-70.546455,90.50209,-48.061337,36.66895,-17.68213,21.58345,-30.1917,24.033106,-20.452553,14.475555,-18.49691,9.121702,-12.047788,0.0029950915,disco,1,disco
0.46783412,135.99917763,3078.4715203424157,0.154212662533836,-108.56484,69.97128,14.885138,45.513443,-5.3743443,41.795094,-13.517867,32.5666,-20.381012,23.436947,-12.128746,18.002754,-9.027057,0.0049830982,disco,1,disco
0.4013173,112.34714674,2565.721387688884,0.114602970320959,-226.30965,78.28395,7.82392,53.82357,-1.13629,11.3054,-7.822295,24.358282,-14.937524,18.476454,-19.132421,6.134009,-10.059035,0.0037684606,disco,1,disco
0.4631642,129.19921875,2108.2221109107218,0.1103900812064965,-103.10111,107.495964,-33.53895,52.786156,-9.130404,30.337116,-9.325207,23.037298,-11.889161,18.169134,-7.546332,9.400739,-5.4251604,0.0038720665,disco,1,disco
0.35841092,89.10290948,1755.0626026809584,0.0769275213892111,-182.81172,124.19493,-10.053612,41.57794,-7.377843,26.939072,-12.35473,19.813566,-16.044252,16.194204,-10.250695,3.1294544,-8.979432,0.0039906614,disco,1,disco
0.3701102,117.45383523,1937.5108828466305,0.0924305454853055,-143.2467,122.61794,-23.91729,28.138706,-23.6903,23.092947,-17.904812,18.74588,-18.637712,18.351133,-13.917981,9.725552,-12.233235,0.0041269534,disco,1,disco
0.41731998,129.19921875,2218.099825491157,0.1109455813756767,-109.57256,104.138245,-16.223967,45.349792,-10.189363,25.546947,-17.156565,22.264034,-16.84386,16.527622,-12.082589,8.661934,-8.848724,0.004305923,disco,1,disco
0.40379235,123.046875,2280.0273192565046,0.1101755848801237,-109.0909,106.83238,-18.271952,23.419096,-17.746166,19.014435,-13.604414,18.686167,-18.363712,18.390692,-9.709161,11.85656,-5.552552,0.0051582395,disco,1,disco
0.43490428,129.19921875,1974.5076873650016,0.0929732060856535,-121.1838,116.97426,-22.78105,45.153744,-4.218045,30.24878,-12.239501,21.706038,-16.536747,16.226423,-10.650368,7.3293166,-9.34128,0.004173389,disco,1,disco
0.3233035,123.046875,2549.269756774819,0.1158336807569605,-91.98377,87.6401,-2.0667956,34.27815,-18.12457,19.34566,-14.665754,17.112078,-15.336202,17.028185,-13.534051,11.835089,-9.81468,0.0045405133,disco,1,disco
0.42698523,107.66601562,2387.679352105526,0.1276283352668213,-107.9877,81.93319,-30.605755,41.328526,-8.496704,31.341997,-8.859783,26.03168,-8.266655,17.888088,-4.6463256,7.4250402,-4.354049,0.0042759124,disco,1,disco
0.54808533,129.19921875,2583.5803998593105,0.0997170007975638,-51.742363,70.33154,-3.8982093,49.74502,1.5872374,35.711365,-4.094437,24.790552,-9.71473,22.046331,-6.11539,17.181833,-2.779346,0.0042617964,disco,1,disco
0.38833553,123.046875,2144.867078927163,0.0648764531370843,-189.154,93.94434,7.849922,41.894196,-7.1112595,31.876928,-12.5919695,24.209433,-6.070887,24.529634,-6.031069,16.755129,-2.0233445,0.0059258994,disco,1,disco
0.47089672,129.19921875,1887.0062144326305,0.0736186889742846,-106.294304,105.61095,-5.504287,50.051487,1.250189,36.981842,-9.61505,23.992409,-8.664799,14.959678,-2.5357456,9.751112,-0.92519593,0.0042866897,disco,1,disco
0.4507588,135.99917763,2492.5900128312974,0.1385699137180974,-57.611416,96.703575,-24.457253,39.99736,-17.280684,27.833838,-13.284011,23.197868,-16.52066,19.428204,-15.479724,11.827778,-10.570341,0.004015241,disco,1,disco
0.36492804,99.38401442,2541.894374434493,0.1432352088167053,-103.8082,92.46262,-27.213505,39.22121,-23.041712,20.625483,-17.76918,18.95148,-15.207714,16.388752,-14.656909,12.241646,-14.979623,0.0030532265,disco,1,disco
0.41615787,107.66601562,2956.079112286355,0.1626135168938515,-93.35664,77.85465,-8.789851,42.06367,-11.246891,24.241188,-17.913877,22.249002,-16.031782,16.69252,-15.664026,15.410893,-18.117002,0.003290851,disco,1,disco
0.38936836,107.66601562,1931.0406859349848,0.0836037195475638,-118.40577,114.235756,-6.7641063,37.393322,-17.423431,28.37048,-23.71712,9.281445,-10.434624,12.624007,-5.1411767,12.252358,-3.8654878,0.0028060956,disco,1,disco
0.4555278,107.66601562,2449.2386358180383,0.134583605230085,-81.76208,97.613686,-27.614212,36.65628,-17.259203,30.749075,-15.952651,20.968424,-16.221739,17.413183,-13.369761,15.0927725,-10.377819,0.0035564385,disco,1,disco
0.4355713,112.34714674,2809.0680167308506,0.155900310566512,-105.534485,79.2504,-15.200756,40.806816,-12.249134,23.534966,-19.939602,27.30581,-16.492477,21.520199,-11.67163,13.985746,-10.76467,0.0032778569,disco,1,disco
0.4342932,135.99917763,2902.9084645115768,0.1840673035092807,-128.43967,67.26243,-36.92178,40.891,-21.749369,23.135218,-13.251678,13.081553,-14.004083,17.787027,-15.169231,16.377792,-10.453286,0.0042096465,disco,1,disco
0.44633502,112.34714674,2847.3774256059246,0.1763450581254833,-95.26957,82.22649,-26.235989,37.510376,-16.362791,25.28815,-21.807663,21.805656,-20.065622,16.303896,-16.12241,14.430956,-11.909069,0.004006683,disco,1,disco
0.40280697,112.34714674,2648.809544128405,0.1510733879543696,-40.81154,86.80334,-26.940329,34.94428,-20.044638,21.66503,-23.949266,19.2741,-17.52948,18.05118,-16.0186,12.443823,-13.879082,0.0034007055,disco,1,disco
0.42920202,135.99917763,2690.503166212552,0.1298956520688321,-91.738495,86.314156,-17.3545,43.086975,-18.393627,34.048004,-18.388496,26.830929,-13.561455,20.203468,-14.606949,12.665814,-12.592617,0.0031280913,disco,1,disco
0.35318205,129.19921875,2251.7610160342965,0.1218607254205336,-95.91633,103.34938,-36.49247,27.0972,-22.864882,9.97551,-24.651752,15.6494255,-20.1475,18.732792,-18.555283,9.852911,-15.085712,0.0032587573,disco,1,disco
0.41573876,117.45383523,2309.274600517877,0.1175809950212683,-56.88446,97.001236,-17.859026,44.92799,-6.9238253,23.798044,-23.31005,25.989113,-10.4754715,10.442651,-15.224969,10.02523,-9.1656065,0.0036594013,disco,1,disco
0.33193442,129.19921875,2218.89166415782,0.0961245649651972,-182.10767,103.43044,-18.188179,31.197874,-12.529232,18.83884,-12.868975,19.372463,-17.702715,18.49203,-14.3258095,11.538478,-11.629478,0.0038828994,disco,1,disco
0.4529953,123.046875,2292.343238495662,0.0997630721916086,-154.65105,97.93247,-10.3476305,39.127403,-11.209807,24.103395,-11.851627,24.192099,-13.451448,20.55775,-8.3087,5.8849826,-9.684563,0.004884051,disco,1,disco
0.3887272,99.38401442,2144.4212945283607,0.0847419095610982,-219.4053,94.67405,12.12384,48.86188,-7.2065644,16.64001,-15.078675,21.71575,-19.993557,13.237187,-15.69585,5.0565505,-15.275193,0.0047196243,disco,1,disco
0.35849315,86.1328125,2292.7794270588483,0.1164020204949729,-193.1521,89.18025,-19.990849,38.738586,-2.7211244,17.049927,-7.942614,16.082537,-16.751808,7.717519,-15.705438,9.01895,-11.315525,0.005296857,disco,1,disco
0.42271745,123.046875,2577.207725556345,0.1381975662219644,-63.611023,94.46296,-13.432528,32.754234,-13.734656,26.77005,-19.403435,24.649286,-11.669471,13.728638,-9.449255,8.831939,-4.98481,0.00431042,disco,1,disco
0.4141832,117.45383523,1959.0741388861084,0.0899853628915313,-167.48877,112.50459,-4.57863,37.091393,-8.612248,27.814657,-14.70463,18.51487,-16.473206,13.755432,-13.324283,10.204631,-11.572749,0.0040876637,disco,1,disco
0.5036078,112.34714674,2455.249157769272,0.1514181681409512,-197.21649,83.3477,-38.580997,43.675888,-7.3024435,25.634619,-8.659459,13.366769,-12.161141,12.144545,-12.045273,10.619484,-2.3993301,0.0065009864,disco,1,disco
0.5680954,123.046875,3004.2823843648275,0.1586842311968291,-166.88416,67.67795,11.208783,37.441822,-10.936878,27.39581,-18.942213,27.296139,-15.84909,20.541365,-8.619039,14.184042,-6.046257,0.0044428487,disco,1,disco
0.39516932,123.046875,1867.9449473321624,0.0944656171452049,-95.78374,122.07248,-29.341267,50.330864,-11.952024,28.39348,-7.055488,11.860459,-8.614768,11.576042,-18.401043,6.876074,-11.656873,0.0036065285,disco,1,disco
0.38466448,107.66601562,2139.9275394701567,0.1002388915071539,-100.28072,109.986755,-26.644407,36.837772,-10.409534,28.786537,-14.84601,21.287558,-19.685312,18.507954,-16.396866,9.154231,-13.790873,0.0031199767,disco,1,disco
0.39797434,123.046875,2238.534887235576,0.1314061895784996,-97.904755,101.02156,-40.56285,51.033695,-11.7087,25.062588,-14.040237,17.196808,-9.614368,16.974564,-7.166898,11.722058,-5.7177386,0.0030728919,disco,1,disco
0.42975032,129.19921875,2128.932662144525,0.1118250918406805,-114.935326,113.476944,-29.819769,42.611168,-10.305927,26.97817,-14.481592,21.235638,-17.643866,17.091944,-13.474372,8.586036,-11.412158,0.0039284024,disco,1,disco
0.48534542,129.19921875,2574.459664277503,0.1461135380413766,-125.691124,88.54062,-16.764915,42.78476,-9.905494,29.165888,-19.357843,20.46263,-16.48972,15.013229,-8.7628,12.773269,-7.7579846,0.0038438982,disco,1,disco
0.41658926,99.38401442,2038.0233320076643,0.091605792005027,-116.882385,98.47116,-18.994415,44.840286,3.8026059,28.490915,-1.1055838,14.694503,-7.7551026,9.754843,-10.107707,6.374911,-3.9110441,0.006203032,disco,1,disco
0.37081537,117.45383523,2457.2908366769266,0.1174699705143078,-123.83839,89.85542,-1.8465987,51.16645,-16.249851,28.27051,-12.485133,19.029924,-13.273392,18.4808,-13.773316,12.865,-8.755854,0.0040040105,disco,1,disco
0.40822446,107.66601562,2460.976249719336,0.1370223680394431,-86.06048,87.53962,-20.164946,53.994804,-1.0499108,19.554422,-4.0692763,21.03328,-19.54656,12.379771,-22.007032,9.582276,-15.912197,0.004047344,disco,1,disco
0.4170991,135.99917763,2207.5083642922987,0.0935562735643851,-130.04454,102.52376,-4.4473805,50.05028,-15.527548,32.12771,-18.167599,24.282225,-11.898269,13.758483,-12.887311,7.271593,-9.363437,0.0037496218,disco,1,disco
0.4680445,123.046875,2487.329042044781,0.1180315128335266,-159.87213,81.97704,-16.80941,52.474285,-4.483215,22.819843,-8.224292,23.363256,-5.5141973,17.69528,-15.364145,10.800621,-13.514515,0.0044665923,disco,1,disco
0.4166197,103.359375,2481.7391882072347,0.1343604233130317,-133.85442,93.47158,-24.21527,61.422466,-22.842375,30.967571,-14.948222,20.224098,-9.285205,15.77714,-8.730885,11.959778,-5.31978,0.0037063977,disco,1,disco
0.41497517,129.19921875,2825.987251028338,0.120450638655259,-116.93205,75.749084,-4.221549,37.290447,-5.3265276,31.37679,-12.156291,22.918865,-11.431438,14.620312,-13.048337,13.391821,-13.21757,0.004548776,disco,1,disco
0.44101816,123.046875,2418.030526971729,0.1125694091985692,-91.60158,99.44184,-8.968849,40.157185,-18.011234,22.539673,-21.947449,15.766949,-25.639265,17.657349,-13.664313,15.622417,-15.459026,0.0037951607,disco,1,disco
0.44101816,123.046875,2418.030526971729,0.1125694091985692,-91.60158,99.44184,-8.968849,40.157185,-18.011234,22.539673,-21.947449,15.766949,-25.639265,17.657349,-13.664313,15.622417,-15.459026,0.0037951607,disco,1,disco
